Feature ID	Taxon	Confidence
d28a50830c2b83811311fc42de44e75a	d__Bacteria; p__Proteobacteria; c__Alphaproteobacteria; o__Rhodobacterales; f__Rhodobacteraceae; g__Ruegeria	0.9760151145393836
807907b65b848ad577b1c5adcdde2f43	d__Bacteria; p__Actinobacteriota; c__Actinobacteria; o__Micrococcales; f__Dermabacteraceae; g__Brachybacterium	0.7976659849915019
8dcda56fb79df16c4995bc5b5ce6053a	d__Bacteria; p__Proteobacteria; c__Gammaproteobacteria; o__Pseudomonadales; f__Moraxellaceae; g__Acinetobacter	0.9999560204963437
ab16548aa6887db45c3b0c3c970c88ba	d__Bacteria; p__Proteobacteria; c__Gammaproteobacteria; o__Alteromonadales; f__Alteromonadaceae; g__Alteromonas; s__Alteromonas_sp.	0.9926841186201162
57d8f26541adb3c5cec532aa5b106749	d__Bacteria; p__Firmicutes; c__Bacilli; o__Bacillales; f__Bacillaceae; g__Bacillus	0.9973925565797608
70865b4d1e53fc49cc86bfc5f436235e	d__Bacteria; p__Actinobacteriota; c__Actinobacteria; o__Micrococcales; f__Dermabacteraceae; g__Brachybacterium	0.7639332347570948
2acdc3877186ae1317a58cc2548930c0	d__Bacteria; p__Proteobacteria; c__Alphaproteobacteria; o__Rhodobacterales; f__Rhodobacteraceae; g__Nautella	0.9161042480459101
4169125dc1d458e98bda4d49493f41f4	d__Bacteria; p__Cyanobacteria; c__Cyanobacteriia; o__Chloroplast; f__Chloroplast; g__Chloroplast; s__Ostreobium_sp.	0.7671441384048487
023bc360f0f48b25606190b1ebca5fa3	d__Bacteria; p__Proteobacteria; c__Alphaproteobacteria; o__Rhodobacterales; f__Rhodobacteraceae; g__Ruegeria; s__Ruegeria_lacuscaerulensis	0.9761610948245338
580633a4408fe6c0ef8dcbf124198b03	d__Bacteria; p__Proteobacteria; c__Alphaproteobacteria; o__Rhodobacterales; f__Rhodobacteraceae	0.9999903539071978
324499b03d46622141270fc634500ef1	d__Bacteria; p__Proteobacteria; c__Gammaproteobacteria; o__Alteromonadales; f__Alteromonadaceae; g__Alteromonas; s__Alteromonas_sp.	0.8080765627442701
ac2a0371d73d53321e1685375639d2a3	d__Bacteria; p__Proteobacteria; c__Gammaproteobacteria; o__Cellvibrionales	0.725620296330722
7dd5551886c7b46e274551f7a8c04e23	d__Bacteria; p__Proteobacteria; c__Gammaproteobacteria; o__Burkholderiales; f__Comamonadaceae	0.9999994139836456
9bb82500faec1ffcc457889f46ff5704	d__Bacteria; p__Bacteroidota; c__Bacteroidia; o__Cytophagales; f__Amoebophilaceae; g__Candidatus_Amoebophilus	0.9999960094178868
0967d0a763ad74ebd60c4c8194e6b940	d__Bacteria; p__Proteobacteria; c__Gammaproteobacteria; o__Oceanospirillales; f__Endozoicomonadaceae; g__Endozoicomonas; s__Endozoicomonas_acroporae	0.8850667657220613
e3c9fb8d8e882e9f6d98ff1d7c32f03f	d__Bacteria; p__Proteobacteria; c__Gammaproteobacteria; o__Alteromonadales; f__Alteromonadaceae; g__Alteromonas; s__Alteromonas_sp.	0.9848075721454204
b134965e212e92b08327e601fcd3fb7c	d__Bacteria; p__Proteobacteria; c__Gammaproteobacteria	0.9771934513322421
37671b879e23f9023da09d7a72f8f25f	d__Bacteria; p__Proteobacteria; c__Gammaproteobacteria; o__Oceanospirillales; f__Saccharospirillaceae; g__Oleibacter; s__uncultured_bacterium	0.9814931502688248
77c09e76ef305909f9683439bd74b6eb	d__Bacteria; p__Proteobacteria; c__Gammaproteobacteria; o__Alteromonadales; f__Colwelliaceae	0.9097996275897773
45b85887b17af9fb0d6e6b63aa7206ca	d__Bacteria; p__Bacteroidota; c__Bacteroidia; o__Flavobacteriales; f__Cryomorphaceae; g__uncultured	0.7105742043248818
04463c077785387a372e21b3b71602b5	d__Bacteria; p__Proteobacteria; c__Alphaproteobacteria; o__Micavibrionales; f__Micavibrionaceae; g__uncultured; s__uncultured_bacterium	0.8929918711539263
3d34426e6ed68fcc80a4200a50de2fd0	d__Bacteria; p__Proteobacteria; c__Gammaproteobacteria	0.9892125020275853
b99a1540d318c34d03eecc973f236aee	d__Bacteria; p__Proteobacteria; c__Gammaproteobacteria; o__Pseudomonadales; f__Moraxellaceae; g__Acinetobacter	0.9999435687029361
8fb7c34e9774e0623654d0d5b37d51f7	d__Bacteria; p__Proteobacteria; c__Alphaproteobacteria; o__Rhodobacterales; f__Rhodobacteraceae; g__HIMB11; s__uncultured_bacterium	0.7681870754323566
3a923ceadde4506328d0e352a3027a75	d__Bacteria; p__Proteobacteria; c__Alphaproteobacteria; o__Caulobacterales; f__Hyphomonadaceae; g__uncultured	0.9989543068098534
2564a14c70826e167d596a9d9c55213f	d__Bacteria; p__Proteobacteria; c__Alphaproteobacteria; o__Rhodobacterales; f__Rhodobacteraceae; g__Ruegeria	0.9765430461319589
99bca50b5dccc7d415db3473750009c7	d__Bacteria; p__Proteobacteria; c__Gammaproteobacteria; o__Oceanospirillales; f__Endozoicomonadaceae; g__Endozoicomonas	0.9959601575704284
add543892bbdd25273b49a507653a358	d__Bacteria; p__Actinobacteriota; c__Actinobacteria; o__PeM15; f__PeM15; g__PeM15; s__uncultured_Actinomycetales	0.7023287887401533
2d4211c9fd17690d29f0e70f954f170d	d__Bacteria; p__Proteobacteria; c__Alphaproteobacteria; o__Rickettsiales	0.9820421703796949
8d9115a4b0e787ac5ffc194b285ce5d9	d__Bacteria; p__Proteobacteria; c__Alphaproteobacteria; o__Caulobacterales; f__Hyphomonadaceae; g__Ponticaulis; s__Ponticaulis_koreensis	0.9960399815288755
1215466b97be4eecb035fba551ae5d04	d__Bacteria; p__Proteobacteria; c__Alphaproteobacteria; o__Rhizobiales	0.8512566641204703
ea146eaf96617e151b4a66dc9e392a8a	d__Bacteria; p__Proteobacteria; c__Gammaproteobacteria; o__Burkholderiales; f__Methylophilaceae; g__Methylotenera; s__uncultured_beta	0.8128427250565949
107e04ddc4519998efd0c7f0d4a3c619	d__Bacteria; p__Bacteroidota; c__Bacteroidia; o__Chitinophagales; f__Saprospiraceae	0.9943961187483782
9be2c5f87fd9d5824b9370da83bd01c2	d__Bacteria; p__Firmicutes; c__Bacilli; o__Staphylococcales; f__Staphylococcaceae; g__Staphylococcus; s__bacterium_R78	0.798558338219248
c438f7be2eb2955d789fad57a6769d67	d__Bacteria; p__Firmicutes; c__Bacilli; o__Paenibacillales; f__Paenibacillaceae; g__Paenibacillus; s__Paenibacillus_taichungensis	0.969097912800926
0e1d230e0d69495267466132508f9361	d__Bacteria; p__Proteobacteria; c__Alphaproteobacteria; o__Caulobacterales; f__Hyphomonadaceae; g__Algimonas	0.7569627100500541
35dd8fffeb6a3cdc9d4cf229cd2e2a65	d__Bacteria; p__Proteobacteria; c__Gammaproteobacteria; o__Alteromonadales; f__Alteromonadaceae; g__Alteromonas; s__Alteromonas_sp.	0.9943516112560379
77cd18f21765bf8edab2287e1498809f	d__Bacteria; p__Proteobacteria; c__Gammaproteobacteria; o__Alteromonadales; f__Alteromonadaceae; g__Alteromonas; s__Alteromonas_halophila	0.9306647791337943
26a930ff8d7ae487ae9b3beaf07b53ca	d__Bacteria; p__Proteobacteria; c__Gammaproteobacteria; o__Vibrionales; f__Vibrionaceae; g__Vibrio	0.910964752131937
77caf142e552b317810b00e9c3a78563	d__Bacteria; p__Proteobacteria; c__Alphaproteobacteria; o__Rhodobacterales; f__Rhodobacteraceae; g__Ruegeria	0.8865173371021702
e41f14614e37cc9995c8b457cf815a12	d__Bacteria; p__Proteobacteria; c__Alphaproteobacteria; o__Rhizobiales	0.8480115933629733
9c7d9a2060bbf25f6a80d54bb8b39618	d__Bacteria; p__Bacteroidota; c__Bacteroidia; o__Cytophagales; f__Cyclobacteriaceae; g__Fabibacter	0.9266825154925544
9225b521d19cf8f082cc657a6e5ec30c	d__Bacteria; p__Bacteroidota; c__Bacteroidia; o__Flavobacteriales; f__Flavobacteriaceae	0.9996700113682969
855a784e23043890a74544a85994c529	d__Bacteria; p__Proteobacteria; c__Alphaproteobacteria; o__Rhodobacterales; f__Rhodobacteraceae; g__HIMB11; s__uncultured_bacterium	0.9004209889848169
5f303d5361eaea06168f2dd3aae55a2f	d__Bacteria; p__Actinobacteriota; c__Actinobacteria; o__Propionibacteriales; f__Propionibacteriaceae; g__Cutibacterium; s__Cutibacterium_acnes	0.9067933441139683
fb7b89b3bfcade882873ef47d423f472	d__Bacteria; p__Bdellovibrionota; c__Bdellovibrionia; o__Bacteriovoracales; f__Bacteriovoracaceae; g__Peredibacter	0.9177618380165244
3b6e223668a0eee4a1e47f0057d70c7f	d__Bacteria; p__Proteobacteria; c__Gammaproteobacteria; o__Arenicellales; f__Arenicellaceae; g__HTCC5015; s__uncultured_bacterium	0.8519214081309606
69186e39e2a3cbd1352fcc153c9bb477	d__Bacteria; p__Proteobacteria; c__Gammaproteobacteria; o__Milano-WF1B-44; f__Milano-WF1B-44; g__Milano-WF1B-44; s__uncultured_bacterium	0.7789763661438089
9f274d2f0b3b02b92fca593fd842023f	d__Bacteria; p__Proteobacteria; c__Alphaproteobacteria; o__Caulobacterales; f__Hyphomonadaceae; g__Algimonas	0.7582988331195808
71440271a7594ed2c532570dc91c4ac3	d__Bacteria; p__Firmicutes; c__Bacilli; o__Bacillales; f__Bacillaceae; g__Bacillus	0.9436277858448401
81f6af54bad98ca8148b731c28579dd9	d__Bacteria; p__Bacteroidota; c__Bacteroidia; o__Flavobacteriales; f__Cryomorphaceae; g__uncultured	0.9998367406726273
5fd31ff146ae0889f19a3bf52a33429c	d__Bacteria; p__Proteobacteria; c__Gammaproteobacteria; o__Burkholderiales; f__Comamonadaceae	0.9999680941780702
a7b296f2f4c1f45b655af2fca5974256	d__Bacteria; p__Proteobacteria; c__Gammaproteobacteria; o__Alteromonadales; f__Colwelliaceae	0.999002098522027
8006e4b39bbe3296c25baeeb00ffec0d	d__Bacteria; p__Proteobacteria; c__Gammaproteobacteria; o__Oceanospirillales	0.9937828005056526
aa835af83c7170e30fb9299d29a16b9b	d__Bacteria; p__Proteobacteria; c__Alphaproteobacteria; o__Sphingomonadales; f__Sphingomonadaceae	0.9999973662605897
2f897656cc26837a0095524c53af80e3	d__Bacteria; p__Proteobacteria; c__Alphaproteobacteria; o__Rhodobacterales; f__Rhodobacteraceae	0.9999990664093041
f137c11d4a3a8e5673ff015a14c65b1c	d__Bacteria; p__Bacteroidota; c__Bacteroidia; o__Cytophagales; f__Amoebophilaceae; g__Candidatus_Amoebophilus; s__uncultured_bacterium	0.8612717330141546
dc793568b2399b98fc44090efa249ccc	d__Bacteria; p__Acidobacteriota; c__Holophagae; o__Acanthopleuribacterales; f__Acanthopleuribacteraceae; g__Acanthopleuribacter; s__Acidobacteria_bacterium	0.904745107887416
51f081e599b43f38c6e5364aee2a73e0	d__Bacteria; p__Proteobacteria; c__Alphaproteobacteria; o__Micavibrionales; f__Micavibrionaceae; g__uncultured; s__uncultured_bacterium	0.9553412758009523
733bb7586fe47d0dc7519a3ab4e1d6e8	d__Bacteria; p__Proteobacteria; c__Alphaproteobacteria; o__Rhizobiales; f__Stappiaceae; g__Labrenzia; s__Labrenzia_alexandrii	0.7911363320317897
4cdd11c55c6581d49ddb369fc46c43c2	d__Bacteria; p__Proteobacteria; c__Gammaproteobacteria; o__Oceanospirillales; f__Saccharospirillaceae; g__Oleibacter; s__uncultured_bacterium	0.979236150925932
5ad1f5181eb68934b2e7416c311d4a2d	d__Bacteria; p__Proteobacteria; c__Alphaproteobacteria; o__Rickettsiales; f__Mitochondria; g__Mitochondria; s__uncultured_bacterium	0.8335759299012091
3b8d082e2db63f479a1e8fdb5459190e	d__Bacteria; p__Cyanobacteria; c__Cyanobacteriia; o__Chloroplast; f__Chloroplast; g__Chloroplast; s__Ostreobium_sp.	0.7130822236295833
0dc5b23a367e3a9dda1d7f7315bfd517	d__Bacteria; p__Proteobacteria; c__Gammaproteobacteria; o__Oceanospirillales; f__Endozoicomonadaceae; g__Endozoicomonas	0.7090088032287611
472cfc4b0ddc5523dedaebf18c3ff134	d__Bacteria; p__Proteobacteria; c__Gammaproteobacteria	0.9623131314938254
992bed55e2da564978f3638ea90b44c7	d__Bacteria; p__Proteobacteria; c__Gammaproteobacteria	0.8631536267498743
757e6d45705d7ef73af183b1abf83aa9	d__Bacteria; p__Proteobacteria; c__Gammaproteobacteria; o__Cellvibrionales	0.733661037955548
0e43256777faa593680ecb53e574ae14	d__Bacteria; p__Bacteroidota; c__Bacteroidia; o__Chitinophagales; f__Saprospiraceae; g__Lewinella	0.9969883418756204
3508429a57d12c4c2fadb39ef3267223	d__Bacteria; p__Bacteroidota; c__Bacteroidia; o__Flavobacteriales; f__Weeksellaceae; g__Cloacibacterium; s__uncultured_bacterium	0.9996850972190902
1bdfe45342980d5ac6b03896f002c5f9	d__Bacteria; p__Myxococcota; c__Polyangia; o__Nannocystales; f__Nannocystaceae; g__uncultured	0.9753907491290432
5f96afd0df557595a3fa22ae24a565f2	d__Bacteria; p__Bacteroidota; c__Bacteroidia; o__Cytophagales; f__Cyclobacteriaceae; g__Fulvivirga	0.997622195739738
7729734fbb9bf255ffb058259638c810	d__Bacteria; p__Actinobacteriota; c__Actinobacteria; o__Corynebacteriales; f__Corynebacteriaceae; g__Corynebacterium; s__Corynebacterium_kroppenstedtii	0.9974076991374262
cf63179f6eb172dc94cdfa2cb3a780c1	d__Bacteria; p__Firmicutes; c__Bacilli; o__Staphylococcales; f__Staphylococcaceae; g__Staphylococcus; s__Staphylococcus_warneri	0.7319208726875034
dc6049a38a7a83680098a7eed263060d	d__Bacteria; p__Proteobacteria; c__Gammaproteobacteria; o__Burkholderiales; f__Neisseriaceae; g__uncultured; s__uncultured_bacterium	0.8579578660855033
b91e831a9ece0ff8500cfa7f4231ead1	d__Bacteria; p__Proteobacteria; c__Alphaproteobacteria; o__Rhodobacterales; f__Rhodobacteraceae; g__Marinovum; s__Marinovum_algicola	0.9333531646151852
7c799d39954228bf7b47e1b77fa1e368	d__Bacteria; p__Bacteroidota; c__Bacteroidia; o__Chitinophagales; f__Saprospiraceae	0.9905635877741659
abb0b084f09e6e08efb0f440fe2a549b	d__Bacteria; p__Actinobacteriota; c__Actinobacteria; o__Corynebacteriales; f__Corynebacteriaceae; g__Corynebacterium; s__Corynebacterium_freneyi	0.7920438448465745
08d8465b13816c8af96525e3d3d95714	d__Bacteria; p__Proteobacteria; c__Gammaproteobacteria; o__Xanthomonadales; f__Xanthomonadaceae; g__Xanthomonas; s__Xanthomonas_arboricola	0.7116999244843424
f89fe4b9d8c106614d7e3169b87449e5	d__Bacteria; p__Bacteroidota; c__Bacteroidia; o__Flavobacteriales; f__Flavobacteriaceae; g__NS5_marine_group	0.9998337480241138
c2af00b8f4ffc0391359cfd5423854e1	d__Bacteria; p__Proteobacteria; c__Alphaproteobacteria; o__Rhodobacterales; f__Rhodobacteraceae	0.9995352315721685
7d002daa5238f63e93fbeff1487c3868	d__Bacteria; p__Proteobacteria; c__Alphaproteobacteria; o__Rhizobiales; f__Methyloligellaceae; g__uncultured; s__uncultured_Hyphomicrobiaceae	0.7308780700778735
336e0170f4b5583e76ee91ccb4b57306	d__Bacteria; p__Proteobacteria; c__Alphaproteobacteria; o__Sphingomonadales; f__Sphingomonadaceae; g__Sphingorhabdus; s__uncultured_bacterium	0.9175150410725084
feac5c14a7366972f05fffbe8a62dbc1	d__Bacteria; p__Actinobacteriota; c__Actinobacteria; o__Corynebacteriales; f__Corynebacteriaceae; g__Corynebacterium	0.7044310266354022
c510d85fcd6de5f5672c94bc01968165	d__Bacteria; p__Desulfobacterota; c__Desulfuromonadia; o__Bradymonadales; f__Bradymonadales; g__Bradymonadales	0.9944565853651743
5d3211d6797bc0d867599fc0d22566ed	d__Bacteria; p__Bacteroidota; c__Bacteroidia; o__Cytophagales; f__Cyclobacteriaceae; g__uncultured; s__uncultured_bacterium	0.8176569779527897
71284eee383202cbff74684e1bd95cc9	d__Bacteria; p__Proteobacteria; c__Alphaproteobacteria; o__Rhodobacterales; f__Rhodobacteraceae	0.9999985410408663
9fe0e0fa2ceaafacde7750cfb3278995	d__Bacteria; p__Proteobacteria; c__Alphaproteobacteria; o__Caulobacterales; f__Hyphomonadaceae	0.987589210589134
0ee3fd5b0ed7a3f38211189817afcdc0	d__Bacteria; p__Proteobacteria; c__Gammaproteobacteria; o__Oceanospirillales; f__Alcanivoracaceae1; g__Alcanivorax	0.9998618688197323
6b012c2aace69e17f3b4e1e09c5b6ecb	d__Bacteria; p__Proteobacteria; c__Alphaproteobacteria; o__Rhizobiales; f__Stappiaceae; g__Labrenzia; s__Labrenzia_marina	0.7062690340141063
d2f2ed78014eb8917004e5caaf9ca4bc	d__Bacteria	0.9999990534333355
838380f202ee5ded983e70204d5525f1	d__Bacteria; p__Proteobacteria; c__Gammaproteobacteria; o__Vibrionales; f__Vibrionaceae; g__Vibrio	0.9240035666389209
9a2db0314205c8f99b87a25b328d6b04	d__Bacteria; p__Bacteroidota; c__Bacteroidia; o__Flavobacteriales; f__Flavobacteriaceae	0.9991543847248777
a3eb3ba16e3dc1bb81adb071e3fb8612	d__Bacteria; p__Bacteroidota; c__Bacteroidia; o__Chitinophagales; f__Saprospiraceae; g__Lewinella; s__Lewinella_persica	0.7433584759363342
d105c3a7bf8db1abedc16b79775b93a5	d__Bacteria; p__Proteobacteria; c__Alphaproteobacteria; o__Rickettsiales; f__Mitochondria; g__Mitochondria; s__uncultured_bacterium	0.7928376171033992
a6bfe9618a26d9cbba3befdb85d1751f	d__Bacteria; p__Proteobacteria; c__Gammaproteobacteria; o__Alteromonadales; f__Alteromonadaceae; g__Aestuariibacter	0.7217060121066055
f0846f8d555c286a5cc42248f5598827	d__Bacteria; p__Bacteroidota; c__Bacteroidia; o__Cytophagales; f__Amoebophilaceae; g__Candidatus_Amoebophilus; s__uncultured_bacterium	0.9118255671948672
ae13ba334fb5914021232b72cb2e3ea1	d__Bacteria; p__Proteobacteria; c__Alphaproteobacteria; o__Micavibrionales; f__Micavibrionaceae; g__uncultured; s__uncultured_bacterium	0.8733940281437915
f488e9ced9e2698781c58367ac694cbe	d__Bacteria; p__Bacteroidota; c__Bacteroidia; o__Cytophagales; f__Amoebophilaceae; g__Candidatus_Amoebophilus	0.865426968413667
cfd9b4f975411d8fcc07b2f9289084b6	d__Bacteria; p__Proteobacteria; c__Gammaproteobacteria; o__Alteromonadales; f__Pseudoalteromonadaceae; g__Pseudoalteromonas; s__uncultured_Pseudoalteromonas	0.7931366425191558
905f8d8d475ca567422a8f023456c938	d__Bacteria; p__Proteobacteria; c__Alphaproteobacteria; o__Rhodobacterales; f__Rhodobacteraceae; g__Ruegeria	0.8172158180701544
59c432878fa7c37fca479e23db4edb73	d__Bacteria; p__Proteobacteria; c__Alphaproteobacteria; o__Rhizobiales; f__Stappiaceae; g__Stappia; s__uncultured_bacterium	0.7836597260748485
07609d7539e5a1629dacf517a64cfd23	d__Bacteria; p__Bacteroidota; c__Bacteroidia; o__Flavobacteriales; f__Flavobacteriaceae; g__NS3a_marine_group	0.9938284257393852
0abe8d04e6df547a1019fd57950de207	d__Bacteria; p__Proteobacteria; c__Gammaproteobacteria; o__Vibrionales; f__Vibrionaceae; g__Vibrio	0.8154575130164691
1453b7fe117f4d589a83ab069b268e27	d__Bacteria; p__Proteobacteria; c__Gammaproteobacteria; o__Alteromonadales; f__Alteromonadaceae; g__Alteromonas; s__Alteromonas_sp.	0.7654126955497493
2c8981d60e750cd447d4edab318916a7	d__Bacteria; p__Proteobacteria; c__Alphaproteobacteria; o__Rhodobacterales; f__Rhodobacteraceae; g__uncultured; s__uncultured_delta	0.8500268460809054
2f7bb768344ff6d18b15e8da9401e5a3	d__Bacteria; p__Bacteroidota; c__Bacteroidia; o__Flavobacteriales; f__Flavobacteriaceae	0.9866310027707726
1857d8042bd2a104435e82b2b0595e5a	d__Bacteria; p__Proteobacteria; c__Gammaproteobacteria; o__Cellvibrionales; f__Halieaceae	0.8371539675572782
3179b031b262fe211eecbe33adfe3400	d__Bacteria; p__Bacteroidota; c__Bacteroidia; o__Chitinophagales; f__uncultured; g__uncultured	0.9199620989128171
84a9a30a30af9d0b4fb0f6227c87bc51	d__Bacteria; p__Myxococcota; c__Polyangia; o__Blfdi19; f__Blfdi19; g__Blfdi19; s__uncultured_bacterium	0.9889129555951448
841a08e2e0b1cedf617ccb752bf1a108	d__Bacteria; p__Proteobacteria; c__Gammaproteobacteria; o__Burkholderiales; f__Comamonadaceae	0.9999993317808501
b17c297ea5a5e800d2ef54b8bffc42cc	d__Bacteria; p__Bacteroidota; c__Bacteroidia; o__Flavobacteriales; f__Flavobacteriaceae	0.9854134846482042
388e479e2f47d63686d8e40224c8da16	d__Bacteria; p__Bacteroidota; c__Bacteroidia; o__Chitinophagales; f__uncultured; g__uncultured	0.9849643203591614
365cb77d872001a8c52bcfc37bd319f3	d__Bacteria; p__Proteobacteria; c__Gammaproteobacteria; o__Vibrionales; f__Vibrionaceae; g__Vibrio	0.9684981319312422
8e702b097799d5c5e1728221b79db888	d__Bacteria; p__Proteobacteria; c__Gammaproteobacteria; o__Diplorickettsiales; f__Diplorickettsiaceae; g__uncultured	0.7883521550766106
9b78efff9b64432876d24450e9b00163	d__Bacteria; p__Proteobacteria; c__Gammaproteobacteria; o__Oceanospirillales; f__Pseudohongiellaceae; g__Pseudohongiella	0.9976166704401238
93c9fa77a5297835af47b006ef0584ea	d__Bacteria; p__Proteobacteria; c__Gammaproteobacteria; o__Alteromonadales; f__Colwelliaceae; g__Thalassotalea	0.9880513067181188
5b0f8563a557d638d374908a14ad1f6e	d__Bacteria; p__Proteobacteria; c__Gammaproteobacteria; o__Oceanospirillales; f__Endozoicomonadaceae; g__Endozoicomonas	0.9945644480556288
ff46fb047e7b0d21367a35d6486a24f4	d__Bacteria; p__Proteobacteria; c__Gammaproteobacteria; o__Cellvibrionales; f__Cellvibrionaceae; g__uncultured; s__uncultured_bacterium	0.8706046305718065
800c794a831b958275b5616157f67363	d__Bacteria; p__Bacteroidota; c__Bacteroidia; o__Flavobacteriales; f__Flavobacteriaceae	0.9986197366366429
5facbe51ff5db4735495a788075cbe84	d__Bacteria; p__Cyanobacteria; c__Cyanobacteriia; o__Chloroplast; f__Chloroplast; g__Chloroplast; s__uncultured_bacterium	0.7399055879728562
1038b7dd562fce9b3a634af0203494a7	d__Bacteria; p__Bacteroidota; c__Bacteroidia; o__Cytophagales; f__Amoebophilaceae; g__Candidatus_Amoebophilus; s__uncultured_bacterium	0.8146182586263001
443c9febe245aa7509905d3cf875da3a	d__Bacteria; p__Actinobacteriota; c__Actinobacteria; o__Frankiales; f__Nakamurellaceae; g__Nakamurella; s__uncultured_Nakamurellaceae	0.9846647494616384
17547b36742ca28dfe2d320b348e0e16	d__Bacteria; p__Bacteroidota; c__Bacteroidia; o__Cytophagales; f__Amoebophilaceae; g__Candidatus_Amoebophilus; s__uncultured_bacterium	0.8687403694442255
f77d86b4b3c3b52d050e6faf3b74d0cc	d__Bacteria; p__Proteobacteria; c__Gammaproteobacteria; o__Oceanospirillales; f__Nitrincolaceae; g__Neptuniibacter; s__uncultured_bacterium	0.9207451999124862
94b814854e0f51a4c47443a804e702f4	d__Bacteria; p__Proteobacteria; c__Gammaproteobacteria; o__Alteromonadales; f__Alteromonadaceae; g__Aestuariibacter; s__Aestuariibacter_aggregatus	0.9512096474433923
2196ab2742f439823c1376f9b01a2838	d__Bacteria; p__Proteobacteria; c__Gammaproteobacteria; o__Alteromonadales; f__Alteromonadaceae	0.9998996495567258
07838407afa7faf7b22e1ecb52c91086	d__Bacteria; p__Proteobacteria; c__Gammaproteobacteria; o__Alteromonadales; f__Alteromonadaceae; g__Alteromonas	0.8079981522244708
65ef356b76e175bbe153125a4e31f348	d__Bacteria; p__Proteobacteria; c__Alphaproteobacteria; o__Rhodobacterales; f__Rhodobacteraceae; g__HIMB11; s__uncultured_bacterium	0.7013598888276923
6af973e91c964d0509a0089be5bafab7	d__Bacteria; p__Proteobacteria; c__Gammaproteobacteria; o__Arenicellales; f__Arenicellaceae; g__Arenicella; s__uncultured_bacterium	0.9847514335502776
6a32be47835e174c6854b8307018c78a	d__Bacteria; p__Proteobacteria; c__Gammaproteobacteria; o__Pseudomonadales; f__Moraxellaceae; g__Enhydrobacter	0.9733392782079638
0d4a1f938b115a69faecc0ae89518c1d	d__Bacteria; p__Proteobacteria; c__Gammaproteobacteria; o__Alteromonadales; f__Alteromonadaceae	0.9859639258885399
d7f7995d48fc2202b2b4cfdb381dcfd3	d__Bacteria; p__Firmicutes; c__Bacilli; o__Lactobacillales; f__Streptococcaceae; g__Streptococcus; s__Streptococcus_infantis	0.9186132660788656
a799b6347eed328bc2413d8df13381a5	d__Bacteria; p__Proteobacteria; c__Gammaproteobacteria; o__Alteromonadales; f__Alteromonadaceae; g__Alteromonas; s__Alteromonas_sp.	0.9855041277282405
e4786a6038ae66df12122f6cb6d4724c	d__Bacteria; p__Proteobacteria; c__Gammaproteobacteria; o__Burkholderiales; f__Alcaligenaceae; g__Bordetella; s__uncultured_beta	0.8411561854455953
a522abf31781eac331c113b1791f371c	d__Bacteria; p__Proteobacteria; c__Gammaproteobacteria	0.9731871579905693
9987a24520cb8f87d39e45f62779b0a6	d__Bacteria; p__Bacteroidota; c__Bacteroidia; o__Flavobacteriales; f__Flavobacteriaceae; g__Polaribacter	0.8304281915770317
842d2c6b055966c57784a4cae2b2139f	d__Bacteria; p__Acidobacteriota; c__Holophagae; o__Acanthopleuribacterales; f__Acanthopleuribacteraceae; g__Acanthopleuribacter; s__uncultured_bacterium	0.783510870179563
bc7a3c1c34154cd1d154811131f0d7c4	d__Bacteria; p__Proteobacteria; c__Alphaproteobacteria; o__Caulobacterales; f__Hyphomonadaceae	0.9539022832605838
54296f1d26f7ea54fba63f94da31f19f	d__Bacteria; p__Proteobacteria; c__Gammaproteobacteria; o__Alteromonadales; f__Alteromonadaceae; g__Alteromonas; s__Alteromonas_sp.	0.8902791923834769
06a2ad752e55a4dfacbd83a7e56b3591	d__Bacteria; p__Firmicutes; c__Bacilli; o__Bacillales; f__Bacillaceae; g__Anoxybacillus	0.972444469557465
cc9b1002e1483906faa8a67445c572e2	d__Bacteria; p__Proteobacteria; c__Alphaproteobacteria; o__Micavibrionales; f__Micavibrionaceae; g__uncultured; s__uncultured_organism	0.9261118179149991
8bd97a505157baf67ec8d5a73ab2647f	d__Bacteria; p__Firmicutes; c__Bacilli; o__Paenibacillales; f__Paenibacillaceae; g__Paenibacillus; s__Paenibacillus_borealis	0.7071570004629033
07470b188e438977056cacffa73385dd	d__Bacteria; p__Proteobacteria; c__Alphaproteobacteria; o__Rhodobacterales; f__Rhodobacteraceae	0.9999679686808101
1e663de908d79c9d407e89e4e18df4fa	d__Bacteria; p__Proteobacteria; c__Gammaproteobacteria; o__Enterobacterales; f__Yersiniaceae; g__Serratia; s__Rahnella_aquatilis	0.8578274915292204
5cdf658359c7309f450fa753a5315839	d__Bacteria; p__Bacteroidota; c__Bacteroidia; o__Flavobacteriales; f__Flavobacteriaceae	0.9936096575480944
937693b6fd89713fb8ac4e281cbd7314	d__Bacteria; p__Proteobacteria; c__Alphaproteobacteria; o__Caulobacterales; f__Hyphomonadaceae; g__uncultured; s__uncultured_Hyphomonas	0.9675858139641924
c3def7cba0407ac9aa9047ffbe90e5f6	d__Bacteria; p__Proteobacteria; c__Gammaproteobacteria	0.9999549613607004
ca9b249ee1eb713dda55c0e66b47a42d	d__Bacteria; p__Bacteroidota; c__Bacteroidia; o__Cytophagales; f__Microscillaceae; g__Microscilla	0.7860752236642382
6d61c424a686eb672abc17dd179ab173	d__Bacteria; p__Proteobacteria; c__Gammaproteobacteria; o__Oceanospirillales; f__Nitrincolaceae; g__Neptuniibacter	0.8336004438748204
8841e52f5a96975e671f5e0f4789f6b0	d__Bacteria; p__Proteobacteria; c__Gammaproteobacteria; o__Alteromonadales; f__Colwelliaceae; g__Thalassotalea	0.8137489429049798
71c41bffbe863d1c5de19506eaeaf21e	d__Bacteria; p__Bacteroidota; c__Bacteroidia; o__Flavobacteriales; f__Weeksellaceae; g__Chryseobacterium; s__Chryseobacterium_hominis	0.9045884910067408
dedcd5d38f8f958242c10e7b39f9cd2c	d__Bacteria; p__Verrucomicrobiota; c__Chlamydiae; o__Chlamydiales	0.8889196084463651
b174b75d7839bae1ab3ba3aedfc0f68a	d__Bacteria; p__Proteobacteria; c__Alphaproteobacteria; o__Rhodobacterales; f__Rhodobacteraceae; g__Paracoccus; s__Paracoccus_chinensis	0.831491139623229
20419881ad56608b518ca4df6c130eb5	d__Bacteria; p__Proteobacteria; c__Gammaproteobacteria; o__Alteromonadales; f__Alteromonadaceae; g__Aestuariibacter	0.7742318811361657
5cc3e785742ad9ccf6f8c8b8df062536	d__Bacteria; p__Proteobacteria; c__Gammaproteobacteria	0.9999226196799245
aa372890fbd645c4290385e9f1896a87	d__Bacteria; p__Proteobacteria; c__Gammaproteobacteria; o__Oceanospirillales; f__Kangiellaceae; g__Aliikangiella; s__uncultured_gamma	0.8209271081966546
61a3af8f3e56bdf0c572813ab0260542	d__Bacteria; p__Proteobacteria; c__Alphaproteobacteria; o__Rhodobacterales; f__Rhodobacteraceae	0.9955273451910124
98b442bf2be0fea3c04ea3e3bcdf4dd1	d__Bacteria; p__Proteobacteria; c__Gammaproteobacteria; o__Vibrionales; f__Vibrionaceae; g__Vibrio	0.9102426313395254
ec4cd97a7bd93dba9b35a3b38d8cc47e	d__Bacteria; p__Proteobacteria; c__Alphaproteobacteria; o__Rhodobacterales; f__Rhodobacteraceae	0.9999906315168395
aa545b3ec1bd8b9f60e1de82ebd2dfc5	d__Bacteria; p__Firmicutes; c__Bacilli; o__Staphylococcales; f__Gemellaceae; g__Gemella; s__uncultured_organism	0.9855765390787284
7557d2e82164cb7b6c3cc4a1713c7df2	d__Bacteria; p__Planctomycetota; c__Phycisphaerae; o__Phycisphaerales; f__Phycisphaeraceae; g__SM1A02; s__uncultured_bacterium	0.7972210995397004
0b99c95d1f2fdbdcbcbce02e15dabe43	d__Bacteria; p__Proteobacteria; c__Alphaproteobacteria; o__Rhodospirillales; f__Magnetospiraceae; g__uncultured	0.9219015947607633
a59c0536ebb6d0de2a52393fca52496c	d__Bacteria; p__Proteobacteria; c__Gammaproteobacteria	0.9995359661843676
8b82910d0dead6e1d9d97c296b8c3fdb	d__Bacteria; p__Proteobacteria; c__Gammaproteobacteria; o__Xanthomonadales; f__Rhodanobacteraceae; g__Dokdonella	0.7984076253605699
ef5b9742902472953b24bf7ff1ef843e	d__Bacteria; p__Proteobacteria; c__Gammaproteobacteria	0.9977723028795388
29bb23a90d102648aa17d310628b3f99	d__Bacteria; p__Proteobacteria; c__Alphaproteobacteria; o__Rhodobacterales; f__Rhodobacteraceae	0.9999981119118148
e6ca9d38e4ba2d035bf3e50b42e8099e	d__Bacteria; p__Proteobacteria; c__Gammaproteobacteria; o__Oceanospirillales; f__Alcanivoracaceae; g__Ketobacter; s__uncultured_gamma	0.7839620162011516
3ea51805f9a0f340959095fdd844cdef	d__Bacteria; p__Proteobacteria; c__Alphaproteobacteria; o__Rhodospirillales; f__Magnetospiraceae; g__uncultured; s__uncultured_bacterium	0.7520173396607973
78cfa7640273ecfa85ac68a5aa8bc78c	d__Bacteria; p__Proteobacteria; c__Alphaproteobacteria; o__Rhodobacterales; f__Rhodobacteraceae	0.999834538488346
3b3411ae655d661834e29fde3dd2d124	d__Bacteria; p__Proteobacteria; c__Gammaproteobacteria; o__Cellvibrionales; f__Halieaceae	0.8994856805594397
9eab3ba4deece12fe9e524442e4fb601	d__Bacteria; p__Proteobacteria; c__Gammaproteobacteria; o__Alteromonadales; f__Alteromonadaceae	0.9736038985368382
b1b00991d22d8ff0c9932b741754680a	d__Bacteria; p__Bacteroidota; c__Bacteroidia; o__Bacteroidales; f__Prevotellaceae; g__Prevotella; s__Prevotella_bivia	0.9998192767652553
e50c93674562b4ff497c49007162ce38	d__Bacteria; p__Actinobacteriota; c__Actinobacteria; o__Corynebacteriales; f__Dietziaceae; g__Dietzia	0.9993939529015052
25b025a280d3db010b3f3ec6d2b8e996	d__Bacteria; p__Proteobacteria; c__Gammaproteobacteria; o__Burkholderiales; f__Alcaligenaceae; g__GKS98_freshwater_group	0.794588589560267
9f99072ac6a5dcb399589e33e7d5fba2	d__Bacteria; p__Proteobacteria; c__Gammaproteobacteria; o__Steroidobacterales; f__Woeseiaceae; g__Woeseia	0.9459978126356511
342eb205d9e109aeb63a88bde276d2cd	d__Bacteria; p__Proteobacteria; c__Gammaproteobacteria; o__Oceanospirillales; f__Endozoicomonadaceae; g__Endozoicomonas; s__Endozoicomonas_acroporae	0.9225010328234416
1ced125485f83cee1841147a7a7c7207	d__Bacteria; p__Bacteroidota; c__Bacteroidia; o__Flavobacteriales; f__Flavobacteriaceae	0.9938232146906336
c52c8697b6bd962b261582e3e7756791	d__Bacteria; p__Proteobacteria; c__Gammaproteobacteria; o__Alteromonadales; f__Alteromonadaceae; g__Aestuariibacter	0.9627142218647704
0eeda2dcbee4bbb2d4544e1847666ea2	d__Bacteria; p__Bacteroidota; c__Bacteroidia; o__Cytophagales; f__Cyclobacteriaceae; g__Ekhidna; s__Ekhidna_lutea	0.9511910671660012
6d2472def21835ebac88eef0f91964b3	d__Bacteria; p__Proteobacteria; c__Alphaproteobacteria; o__Rhizobiales; f__Stappiaceae; g__Labrenzia	0.8791537997918065
4901bbd71eaf614a5baa97d4de96f49a	d__Bacteria; p__Bacteroidota; c__Bacteroidia; o__Cytophagales; f__Amoebophilaceae; g__Candidatus_Amoebophilus	0.999092533753014
9fd94864f02a10e0cbf939a9f992609d	d__Bacteria; p__Proteobacteria; c__Alphaproteobacteria; o__Rhizobiales; f__Methyloligellaceae; g__uncultured; s__uncultured_bacterium	0.707233184272995
a4b2a0cb84f30a54dc7ab3508996908e	d__Bacteria; p__Actinobacteriota; c__Actinobacteria; o__PeM15; f__PeM15; g__PeM15; s__marine_metagenome	0.7749754928496421
a5c92e6ffce2b7cdd9c42000310c3a11	d__Bacteria; p__Acidobacteriota; c__Holophagae; o__Acanthopleuribacterales; f__Acanthopleuribacteraceae; g__Acanthopleuribacter; s__uncultured_bacterium	0.8498085930041308
d30c28b179a4100dc99382abdfdf383f	d__Bacteria; p__Proteobacteria; c__Alphaproteobacteria; o__Caulobacterales; f__Hyphomonadaceae; g__Maricaulis; s__alpha_proteobacterium	0.9303723079829015
34a5792a9fcfb048eb5f2e801dd340c1	d__Bacteria; p__Proteobacteria; c__Alphaproteobacteria; o__Rhizobiales; f__Rhizobiaceae; g__Pseudahrensia; s__uncultured_bacterium	0.8854153836549233
6e5b3b5fa1f9627c6cfc0279b7d8b071	d__Bacteria; p__Proteobacteria; c__Alphaproteobacteria; o__Rhizobiales; f__Rhizobiaceae	0.9409997424775796
56eb334e5d199d4a7e49eeee54832559	d__Bacteria; p__Bacteroidota; c__Bacteroidia; o__Chitinophagales; f__uncultured; g__uncultured	0.9902453755230479
2fd18360935ee6482f66c79a3b5e1f70	d__Bacteria; p__Proteobacteria; c__Gammaproteobacteria	0.9999642499508441
a37316c5f4e83592777935b6f56ec1cc	d__Bacteria; p__Bacteroidota; c__Bacteroidia; o__Cytophagales; f__Amoebophilaceae; g__Candidatus_Amoebophilus; s__uncultured_bacterium	0.9279171399427079
b0883d87040ad7d70a240f77765f6f6c	d__Bacteria; p__Planctomycetota; c__Phycisphaerae; o__Phycisphaerales; f__Phycisphaeraceae; g__SM1A02; s__uncultured_bacterium	0.768869206163942
2e3ab344ff4e7a4e28cc5219c4780bbe	d__Bacteria; p__Proteobacteria; c__Gammaproteobacteria; o__Vibrionales; f__Vibrionaceae; g__Vibrio	0.9423746729699328
7b3cd1a079aa5a762921187ea6ddfdbd	d__Bacteria; p__Proteobacteria; c__Gammaproteobacteria; o__Enterobacterales; f__Enterobacteriaceae; g__Enterobacter; s__Citrobacter_europaeus	0.9765285828739044
7d77b7975c0fdeaaee9e12c9dc888c7f	d__Bacteria; p__Firmicutes; c__Bacilli; o__Lactobacillales; f__Aerococcaceae; g__Abiotrophia; s__uncultured_bacterium	0.9998022788825484
a3160b01d9b88c4be339a6794e3aa0f8	d__Bacteria; p__Firmicutes; c__Bacilli; o__Lactobacillales; f__Streptococcaceae; g__Streptococcus; s__Streptococcus_salivarius	0.9991766642989962
9cab3082a5d1511ba6038f7cbd91d285	d__Bacteria; p__Proteobacteria; c__Alphaproteobacteria; o__Rhodospirillales; f__Thalassospiraceae; g__Thalassospira; s__alpha_proteobacterium	0.7135647022030229
e81af9c60eec7fffb6cbe2900d3a6a2c	d__Bacteria; p__Bacteroidota; c__Bacteroidia; o__Flavobacteriales; f__Flavobacteriaceae; g__NS3a_marine_group; s__uncultured_Bacteroidetes	0.7546157963523458
4b0d95b0cb0cdf523534acd1b265cc0e	d__Bacteria; p__Proteobacteria; c__Gammaproteobacteria; o__Alteromonadales; f__Alteromonadaceae; g__Alteromonas; s__Alteromonas_sp.	0.7859931776346696
8b6d0e845f9c581933c1e666e809a05a	d__Bacteria; p__Proteobacteria; c__Gammaproteobacteria	0.9984036813763891
2aac81236bb21eaaed46e59e2034ad7e	d__Bacteria; p__Bacteroidota; c__Bacteroidia; o__Flavobacteriales; f__Weeksellaceae	0.9928626759611328
8a45e0b7d52715cbb937eaa0aaebd098	d__Bacteria; p__Proteobacteria; c__Alphaproteobacteria; o__Rhodobacterales; f__Rhodobacteraceae	0.999998645263731
59c18808d44ad063d2570ace360486b4	d__Bacteria; p__Acidobacteriota	0.7252498258873559
8570f5189738b8bc00693a9db6adcdcd	d__Bacteria; p__Proteobacteria; c__Gammaproteobacteria; o__Alteromonadales; f__Alteromonadaceae	0.9605655058413679
141398b39bbbcdda318de98832cbda95	d__Bacteria; p__Proteobacteria; c__Alphaproteobacteria; o__Micavibrionales	0.9938829564212227
02618e133b7dac2b24425b15116ed5a4	d__Bacteria; p__Bacteroidota; c__Bacteroidia; o__Cytophagales; f__Cyclobacteriaceae; g__uncultured; s__uncultured_Fulvivirga	0.9760393884477673
76775cc8140a85825db073deb367199e	d__Bacteria; p__Proteobacteria; c__Gammaproteobacteria; o__Enterobacterales; f__Enterobacteriaceae; g__Enterobacter; s__Citrobacter_europaeus	0.8630443472696145
babc76517138d138deaa83da2464c936	d__Bacteria; p__Proteobacteria; c__Gammaproteobacteria; o__Burkholderiales; f__Comamonadaceae; g__Tepidimonas	0.9802275233940988
ce24f46a3355f209f4a90110ec7a5bc0	d__Bacteria; p__Actinobacteriota; c__Actinobacteria; o__Micrococcales; f__Micrococcaceae; g__Kocuria; s__Kocuria_rhizophila	0.9974658988300793
3bd31b9e06de7d001fbede3f2f2afada	d__Bacteria; p__Proteobacteria; c__Gammaproteobacteria; o__Oceanospirillales; f__Endozoicomonadaceae; g__Endozoicomonas; s__uncultured_bacterium	0.8142471113988335
3dac23b6a271a1250ba3f168889f69ee	d__Bacteria; p__Actinobacteriota; c__Actinobacteria; o__Micrococcales; f__Micrococcaceae; g__Rothia; s__Rothia_dentocariosa	0.7886143394141492
6b2ca83f9823b64afea282ec8cbf7ec0	d__Bacteria; p__Bacteroidota; c__Bacteroidia; o__Chitinophagales; f__Saprospiraceae; g__uncultured	0.930481032250659
51ef3d400e3bd7e983ad278942fbeb17	d__Bacteria; p__Bacteroidota; c__Bacteroidia; o__Chitinophagales; f__uncultured; g__uncultured; s__uncultured_Sphingobacteriales	0.9922111434258611
5216511321a5690de4e335b43bbc8269	d__Bacteria; p__Bacteroidota; c__Bacteroidia; o__Chitinophagales; f__Saprospiraceae	0.9953534569797801
7c15d21cf350ec09ec8f909c0ca863db	d__Bacteria; p__Proteobacteria; c__Gammaproteobacteria; o__Vibrionales; f__Vibrionaceae; g__Vibrio	0.9785652035986626
826b069f6b752f94ef2b2e9fdf3e73a4	d__Bacteria; p__Bacteroidota; c__Bacteroidia; o__Cytophagales; f__Cyclobacteriaceae; g__uncultured	0.7878863129436058
a7e79c631e601796ff51e3428dd346f3	d__Bacteria; p__Proteobacteria; c__Gammaproteobacteria; o__Alteromonadales; f__Alteromonadaceae; g__Alteromonas; s__Alteromonas_sp.	0.8184102991473186
da6cc46660ce08372dadadde2ebf11ca	d__Bacteria; p__Proteobacteria; c__Alphaproteobacteria; o__Rhodobacterales; f__Rhodobacteraceae; g__Ruegeria	0.7958373118109198
b550ebfd6bef3c85e4b8aeff418f94ea	d__Bacteria; p__Bacteroidota; c__Bacteroidia; o__Chitinophagales; f__Saprospiraceae; g__uncultured	0.9378602575279338
aa6bb744b9f20b4dd1fbafa4f1f4ecec	d__Bacteria; p__Proteobacteria; c__Gammaproteobacteria; o__Alteromonadales; f__Colwelliaceae; g__Colwellia	0.9202268219085395
3a008789b7fc51cbc6023bef6ef6ade6	d__Bacteria; p__Proteobacteria; c__Gammaproteobacteria; o__Arenicellales; f__Arenicellaceae; g__Arenicella; s__uncultured_bacterium	0.8294261007977655
3c23f4419e2ccf769eb250685be8b201	d__Bacteria; p__Proteobacteria; c__Gammaproteobacteria; o__Alteromonadales; f__Pseudoalteromonadaceae; g__Pseudoalteromonas; s__uncultured_Pseudoalteromonas	0.81496195969377
ac60c9d2e9d2923a451775f84b5c12bd	d__Bacteria; p__Bacteroidota; c__Bacteroidia; o__Cytophagales; f__Cyclobacteriaceae; g__Fabibacter	0.956285242913064
bc8a6753987085412c4a63f1291383c8	d__Bacteria; p__Bacteroidota; c__Bacteroidia; o__Chitinophagales; f__uncultured; g__uncultured	0.9891971850396454
de879644849438346ae0d95e65638837	d__Bacteria; p__Proteobacteria; c__Gammaproteobacteria; o__Alteromonadales; f__Alteromonadaceae	0.9981701449193527
e7beb217a671e1388bf39fde37fc5a7e	d__Bacteria; p__Bacteroidota; c__Bacteroidia; o__Cytophagales; f__Amoebophilaceae; g__Candidatus_Amoebophilus; s__uncultured_bacterium	0.8321537038338607
f69cb148f828971c1a1043677ea578d2	d__Bacteria; p__Bacteroidota; c__Bacteroidia; o__Chitinophagales; f__Chitinophagaceae	0.9999996428426589
030a60e348ffbc3163dc701340945593	d__Bacteria; p__Proteobacteria; c__Gammaproteobacteria; o__Pseudomonadales; f__Moraxellaceae; g__Acinetobacter	0.9999651241013113
af92e2e413f03a94e88e242fc5195a8c	d__Bacteria; p__Proteobacteria; c__Gammaproteobacteria; o__Burkholderiales; f__Oxalobacteraceae; g__Massilia	0.992422280638464
69059f2d925f560f77429ee54342f81e	d__Bacteria; p__Bdellovibrionota; c__Oligoflexia; o__Oligoflexales; f__uncultured; g__uncultured; s__uncultured_bacterium	0.9590269040743294
ec410c18bb956a83b636b0716e16aca4	d__Bacteria; p__Proteobacteria; c__Alphaproteobacteria	0.9908473371690028
53818a706e38c1584f139d2f90fbd8df	d__Bacteria; p__Proteobacteria; c__Alphaproteobacteria; o__Rhodobacterales; f__Rhodobacteraceae	0.999999824879486
a3237d7dad0fa1d5c1d03a88c6480884	d__Bacteria; p__Proteobacteria; c__Alphaproteobacteria	0.9996327836656869
15ff9af2465460cf7b7b34f3b0d19a50	d__Bacteria; p__Bacteroidota; c__Bacteroidia; o__Flavobacteriales; f__Flavobacteriaceae	0.9998049644468024
08f578e45c2ab27890b7981d14419db7	d__Bacteria; p__Acidobacteriota; c__Holophagae; o__Acanthopleuribacterales; f__Acanthopleuribacteraceae; g__Acanthopleuribacter; s__Acidobacteria_bacterium	0.9297314524692182
371661a475c9c2a0f453d823c1b1388f	d__Bacteria; p__Bacteroidota; c__Bacteroidia; o__Chitinophagales; f__uncultured; g__uncultured; s__uncultured_organism	0.8068635302140366
70ab205ad7cce123c0c26d952a7b5a46	d__Bacteria	0.9999957068582525
5f26941df21e308a5aa1f3f208b44e17	d__Bacteria; p__Bacteroidota; c__Bacteroidia; o__Cytophagales; f__Microscillaceae; g__Microscilla; s__Microscilla_marina	0.9805847677644813
d0e1057cd11970f90d94f8fe5ccddf65	d__Bacteria; p__Proteobacteria; c__Gammaproteobacteria; o__Alteromonadales; f__Alteromonadaceae	0.9998516847529152
a24b4168c3806c62d94f706640d6aea2	d__Bacteria; p__Bacteroidota; c__Bacteroidia; o__Sphingobacteriales; f__Sphingobacteriaceae; g__Pedobacter	0.997435021297656
8e5a9442b43da5613cb8b9467995d249	d__Bacteria; p__Myxococcota; c__Polyangia; o__Nannocystales; f__Nannocystaceae	0.9850335120934613
78d5aae6b66e7d786f091294174e2839	d__Bacteria; p__Proteobacteria; c__Gammaproteobacteria; o__Pseudomonadales; f__Moraxellaceae; g__Acinetobacter	0.9999949374237956
4e2ced97f1890944fb9ac4769e9e1047	d__Bacteria; p__Proteobacteria; c__Gammaproteobacteria; o__Alteromonadales; f__Alteromonadaceae	0.9619771909754579
04667352a01f0244d2545e5af15d9a03	d__Bacteria; p__Proteobacteria; c__Gammaproteobacteria	0.9999102662685452
04aabe40915a073866ad0dbf71b54cc1	d__Bacteria; p__Proteobacteria; c__Alphaproteobacteria; o__Caulobacterales; f__Hyphomonadaceae; g__uncultured	0.8466730135029124
6ee33891691e120ebf13bab9064bae43	d__Bacteria; p__Proteobacteria; c__Gammaproteobacteria; o__Oceanospirillales	0.8548856666228644
41ee8818826216d4771f65fe882623b2	d__Bacteria; p__Actinobacteriota; c__Actinobacteria; o__Corynebacteriales; f__Corynebacteriaceae; g__Corynebacterium; s__Corynebacterium_riegelii	0.731438148778983
315be7e59d855e8f083b2d259d6008cd	d__Bacteria; p__Bacteroidota; c__Bacteroidia; o__Chitinophagales; f__Saprospiraceae; g__uncultured	0.7615570898312702
dd4c9934fc94f72b3d3b961009b1371a	d__Bacteria	0.9999865738794452
ad06ec5793802f039b8fa292cdb41367	d__Bacteria; p__Proteobacteria; c__Gammaproteobacteria; o__Alteromonadales; f__Alteromonadaceae	0.9567821085813392
25a7090154c4b2645b16f13f5b03736b	d__Bacteria; p__Bacteroidota; c__Bacteroidia; o__Cytophagales; f__Cyclobacteriaceae; g__Roseivirga; s__Roseivirga_spongicola	0.9707137381735043
c8e05fbe5590190c2a049226d2951868	d__Bacteria; p__Verrucomicrobiota; c__Chlamydiae; o__Chlamydiales; f__Simkaniaceae; g__Simkania; s__Simkania_negevensis	0.8966387557096589
48d67beed258ec582dde196233fbfb39	d__Bacteria; p__Firmicutes; c__Bacilli; o__Lactobacillales; f__Carnobacteriaceae; g__Dolosigranulum; s__Dolosigranulum_pigrum	0.988820822008102
96f9b7496107a71a25874c4e76405bb9	d__Bacteria; p__Proteobacteria; c__Alphaproteobacteria; o__Rhodospirillales; f__Terasakiellaceae; g__uncultured	0.9716512523638062
518917fec1da280e31c183b2e3299abb	d__Bacteria; p__Proteobacteria; c__Alphaproteobacteria; o__Rhodobacterales; f__Rhodobacteraceae; g__Ruegeria; s__Ruegeria_lacuscaerulensis	0.9794821427194256
67ecd3c285e05cf942fd989134a3d40b	d__Bacteria; p__Proteobacteria; c__Gammaproteobacteria	0.9996076105768709
3fa483ec66c39c76abb572f9adc298f6	d__Bacteria; p__Proteobacteria; c__Alphaproteobacteria; o__Kordiimonadales; f__Kordiimonadaceae; g__Kordiimonas; s__uncultured_bacterium	0.7747923302625951
3c49d186aa695b7d73e5e236ac2bfbe7	d__Bacteria; p__Bacteroidota; c__Bacteroidia; o__Chitinophagales; f__uncultured; g__uncultured	0.9928782328704739
1663c4ce81c496f9ad2d5c332cb348e9	d__Bacteria; p__Bacteroidota; c__Bacteroidia; o__Flavobacteriales; f__Flavobacteriaceae	0.9997542855506075
e628f5d55caea9a7eb8e3e72997caeb0	d__Bacteria; p__Verrucomicrobiota; c__Chlamydiae; o__Chlamydiales; f__Simkaniaceae; g__uncultured	0.9609060464963334
de6fd922e662ca97ccdad9e27d0bc685	d__Bacteria; p__Bdellovibrionota; c__Bdellovibrionia; o__Bacteriovoracales; f__Bacteriovoracaceae	0.995416615826593
3144d748c190fc3166adb7d7f94d8bbf	d__Bacteria; p__Bacteroidota; c__Bacteroidia; o__Flavobacteriales; f__Flavobacteriaceae	0.997241927859779
caf7d91df227a700379a297185e0d1fb	d__Bacteria; p__Proteobacteria; c__Alphaproteobacteria; o__Rhizobiales; f__Rhizobiaceae; g__uncultured; s__uncultured_bacterium	0.7757345219454705
13cd4fa0b3eb58c10937d1221431e10c	d__Bacteria; p__Proteobacteria; c__Alphaproteobacteria; o__Kiloniellales; f__Kiloniellaceae; g__Pelagibius	0.995798524815625
f03ca450705a420e8c277d905f709c5d	d__Bacteria; p__Bacteroidota; c__Bacteroidia; o__Flavobacteriales; f__Flavobacteriaceae	0.9992410089104693
7c7f22b7a90914e7f2bc9be39100fd1d	d__Bacteria; p__Proteobacteria; c__Alphaproteobacteria; o__Caulobacterales; f__Caulobacteraceae	0.9999914870252283
5ce5e20a1f96bcc78181160d601c418c	d__Bacteria; p__Proteobacteria; c__Gammaproteobacteria; o__Alteromonadales; f__Alteromonadaceae	0.7652886792702283
a1aaa762b29a190643fdddaa5d787c37	d__Bacteria	0.999994743050981
1a1cbce1a3ce385f74626ec1e0bfb043	d__Bacteria; p__Proteobacteria; c__Gammaproteobacteria; o__Oceanospirillales; f__Pseudohongiellaceae; g__Pseudohongiella	0.9980058156535254
3ff30539a1e22eab2036a7f4e7d9b211	d__Bacteria; p__Proteobacteria; c__Gammaproteobacteria; o__Oceanospirillales; f__Saccharospirillaceae; g__Oleibacter; s__uncultured_bacterium	0.9635244020256841
f6ae78912a9535e4c21266fb94b3e8b3	d__Bacteria; p__Bacteroidota; c__Bacteroidia; o__Chitinophagales; f__Saprospiraceae; g__uncultured; s__uncultured_Sphingobacterium	0.8076604398283461
6dd6dbedce6449e834ea2119546d479c	d__Bacteria; p__Proteobacteria; c__Gammaproteobacteria; o__Vibrionales; f__Vibrionaceae; g__Vibrio	0.8573055162687033
ad6618f1197d2f23b6dc91ea07e44bbb	d__Bacteria; p__Bacteroidota; c__Bacteroidia; o__Chitinophagales; f__Saprospiraceae; g__uncultured	0.9097634811750399
82653b6db55ad7693845951a19f7eba6	d__Bacteria; p__Proteobacteria; c__Gammaproteobacteria; o__Oceanospirillales; f__Nitrincolaceae; g__Marinobacterium; s__Marinobacterium_marisflavi	0.7653007228672812
715cded7944ea18a9403b5ecba6bae74	d__Bacteria; p__Proteobacteria; c__Gammaproteobacteria; o__Alteromonadales; f__Alteromonadaceae	0.7373587389751851
c0f4cd797b844585e4936fb38485363a	d__Bacteria	0.9999967110312409
59bb4412ffe50bd0dcb64dcd031f5ab7	d__Bacteria; p__Proteobacteria; c__Alphaproteobacteria	0.903366965564349
5912dd566dffcc86d12c718dd15c9901	d__Bacteria; p__Proteobacteria; c__Gammaproteobacteria; o__Alteromonadales; f__Colwelliaceae; g__Thalassotalea	0.8352195635835901
c8caac15e4109af8c71e0f1c605639a4	d__Bacteria; p__Proteobacteria; c__Alphaproteobacteria; o__Caulobacterales; f__Caulobacteraceae; g__Brevundimonas	0.9981131070251986
a08ca7282d9ca24570dcec9bc5936ab0	d__Bacteria; p__Desulfobacterota; c__Desulfuromonadia; o__Bradymonadales; f__Bradymonadales; g__Bradymonadales	0.8087696177303787
34073696f38ddd18e5c7c8318b4315bb	d__Bacteria; p__Proteobacteria; c__Alphaproteobacteria; o__Kiloniellales; f__Kiloniellaceae; g__Pelagibius; s__Rhodospirillaceae_bacterium	0.9706703043685365
2be912803fd3c9bf52178734a85ab272	d__Bacteria; p__Bdellovibrionota; c__Bdellovibrionia; o__Bdellovibrionales; f__Bdellovibrionaceae; g__Bdellovibrio; s__uncultured_bacterium	0.8352708529614051
3fbfe49c7810378593d5c488e9c8bb6b	d__Bacteria; p__Proteobacteria; c__Gammaproteobacteria; o__Oceanospirillales; f__Pseudohongiellaceae; g__Pseudohongiella	0.9983270160359591
ded5bc21b1a35431e972713aa516ea1e	d__Bacteria; p__Actinobacteriota; c__Actinobacteria; o__Micrococcales; f__Microbacteriaceae; g__Microbacterium; s__Microbacterium_pumilum	0.7366552213226345
2a84cff905fdf1250fda17ad9b32e23c	d__Bacteria; p__Verrucomicrobiota; c__Chlamydiae; o__Chlamydiales; f__Simkaniaceae; g__uncultured; s__uncultured_Chlamydia	0.9961717966616197
835ed0e5350a298a048228881c26c3c1	d__Bacteria; p__Proteobacteria; c__Gammaproteobacteria	0.9963664508368645
a43cc15d35c5f4cf5db945c8b532c680	d__Bacteria; p__Proteobacteria; c__Alphaproteobacteria; o__Rhizobiales; f__Xanthobacteraceae; g__Bradyrhizobium	0.9990342523302155
728c0eec6720784ae2538eeab437b0b1	d__Bacteria; p__Bacteroidota; c__Bacteroidia; o__Chitinophagales; f__Saprospiraceae	0.9775384211723366
aaf00d8225004832454e4392b6101447	d__Bacteria; p__Proteobacteria; c__Alphaproteobacteria; o__Rhizobiales; f__Rhizobiaceae	0.8394274024480863
0a603c08b71e5b599bd404015624ef7f	d__Bacteria; p__Proteobacteria; c__Alphaproteobacteria; o__Micavibrionales; f__Micavibrionaceae; g__uncultured; s__uncultured_organism	0.7739440575920463
57f9bd806464b43566974e46be69de96	d__Bacteria; p__Proteobacteria; c__Alphaproteobacteria; o__Thalassobaculales; f__uncultured; g__uncultured; s__uncultured_bacterium	0.8160489363776063
4c62f2452b1a5c8afe689eca12268019	d__Bacteria; p__Bacteroidota; c__Bacteroidia; o__Chitinophagales; f__Saprospiraceae; g__uncultured	0.9602704330810118
094393762ec79be38365636cd6c3a9d4	d__Bacteria; p__Actinobacteriota; c__Actinobacteria; o__Micrococcales; f__Brevibacteriaceae; g__Brevibacterium; s__Brevibacterium_celere	0.9223033525081683
ec7d43746f88aa791fc30f0d21426967	d__Bacteria; p__Proteobacteria; c__Alphaproteobacteria; o__Rickettsiales; f__Mitochondria; g__Mitochondria; s__uncultured_bacterium	0.9715775034044908
8745c3ef9d8a2a6cd7b4720324f85ae3	d__Bacteria; p__Bacteroidota; c__Bacteroidia; o__Chitinophagales; f__Saprospiraceae; g__uncultured	0.9110621393713231
9ca284cb80d524c35932c61d399f6ee2	d__Bacteria; p__Cyanobacteria; c__Cyanobacteriia; o__Chloroplast; f__Chloroplast; g__Chloroplast; s__Ostreobium_quekettii	0.9505047580961884
218a864730b6e22eabd016232a50f370	d__Bacteria; p__Bacteroidota; c__Bacteroidia; o__Flavobacteriales; f__Flavobacteriaceae; g__Kordia; s__marine_bacterium	0.9406745212266314
6942f0a37c36fc874f6de60da5c83ac7	d__Bacteria; p__Proteobacteria; c__Gammaproteobacteria; o__KI89A_clade; f__KI89A_clade; g__KI89A_clade	0.9844577282595892
11589ce4c3b6e79aeb97465468995ddd	d__Bacteria; p__Proteobacteria; c__Alphaproteobacteria; o__Rhizobiales; f__Rhizobiaceae	0.9982430818608399
fe04449b8faaa2988a11fab42e1eb72a	d__Bacteria; p__Proteobacteria; c__Gammaproteobacteria; o__Alteromonadales; f__Alteromonadaceae	0.971186584917298
7641c560262673a428005e5622812637	d__Bacteria; p__Proteobacteria; c__Gammaproteobacteria; o__Steroidobacterales; f__Woeseiaceae; g__Woeseia	0.9011379673604872
158f45a5480d3166ad63e21b44e452c6	d__Bacteria; p__Proteobacteria; c__Alphaproteobacteria; o__Sphingomonadales; f__Sphingomonadaceae	0.9999933059795116
5279f90b2ff21c9b8c3e759b95aa5fa0	d__Bacteria; p__Proteobacteria; c__Alphaproteobacteria; o__Caulobacterales; f__Parvularculaceae; g__uncultured	0.8716462453415802
f5c46879c38589f8da82a2f4b78e3b3d	d__Bacteria; p__Bdellovibrionota; c__Bdellovibrionia; o__Bacteriovoracales; f__Bacteriovoracaceae; g__Peredibacter; s__uncultured_bacterium	0.926175793048736
60eb4a40c7dcabc2153cd946a514c301	d__Bacteria; p__Actinobacteriota; c__Actinobacteria; o__Propionibacteriales; f__Propionibacteriaceae; g__Cutibacterium; s__Cutibacterium_acnes	0.911481191751776
1bd30bd84001bc9c80149629409c1cea	d__Bacteria; p__Proteobacteria; c__Alphaproteobacteria; o__Rhodobacterales; f__Rhodobacteraceae; g__Shimia	0.911642136286009
2d63a9391bedf51f2b60d076ac66738b	d__Bacteria; p__Proteobacteria; c__Gammaproteobacteria	0.9832698222677069
058e1fab33ba048965e575b0580d4e30	d__Bacteria; p__Bacteroidota; c__Bacteroidia; o__Flavobacteriales; f__Weeksellaceae; g__Chryseobacterium	0.9676773120902191
245f7601316bdd2b952221101aa69195	d__Bacteria; p__Proteobacteria; c__Gammaproteobacteria	0.9914099124275956
6538ebd2f42f7366f3fc75110c085b94	d__Bacteria; p__Bacteroidota; c__Bacteroidia; o__Chitinophagales; f__Saprospiraceae	0.9848258037425952
d506c43c84f7ec0c561c0a425e99fa83	d__Bacteria; p__Proteobacteria; c__Gammaproteobacteria; o__Alteromonadales; f__Marinobacteraceae; g__Marinobacter	0.9947360369250474
f7c378107153875fd43af799b3a5c00e	d__Bacteria; p__Proteobacteria; c__Alphaproteobacteria; o__Rhodobacterales; f__Rhodobacteraceae	0.999998232553862
b5aa69734e3ea9fe7bc1ceeda46307c5	d__Bacteria; p__Actinobacteriota; c__Actinobacteria; o__Corynebacteriales; f__Corynebacteriaceae; g__Lawsonella; s__Lepisosteus_oculatus	0.9620890467276909
e1261deac2fa417cf07484bf33899540	d__Bacteria; p__Desulfobacterota; c__Desulfuromonadia; o__Bradymonadales; f__Bradymonadales; g__Bradymonadales	0.9940900140152694
1835b602356ef1800d9f5a85db49e222	d__Bacteria; p__Proteobacteria; c__Alphaproteobacteria; o__Rickettsiales; f__Mitochondria; g__Mitochondria; s__uncultured_bacterium	0.9713017505433139
2c27dc9a34141bb1023bd21a0d98c6fe	d__Bacteria; p__Proteobacteria; c__Alphaproteobacteria; o__Rhodobacterales; f__Rhodobacteraceae	0.9930236106249978
05c67021d4a7189afd6fd8bd8b136c4b	d__Bacteria; p__Proteobacteria; c__Gammaproteobacteria; o__Alteromonadales; f__Colwelliaceae	0.9876743253636366
d40f6b1f44a0330f6da65c8272c93a0c	d__Bacteria; p__Proteobacteria; c__Gammaproteobacteria	0.8089645887201807
613a6844484c3b2f90d38399d2698624	d__Bacteria; p__Proteobacteria; c__Gammaproteobacteria; o__Vibrionales; f__Vibrionaceae; g__Vibrio; s__Vibrio_hepatarius	0.8841940724295473
230f5c2f0772a4317b5a8b25d43744c1	d__Bacteria; p__Proteobacteria; c__Alphaproteobacteria; o__Rhizobiales; f__Rhizobiaceae	0.9979182851620481
83a3d23f831b413ead54c435f724e431	d__Bacteria; p__Bacteroidota; c__Bacteroidia; o__Sphingobacteriales; f__Sphingobacteriaceae; g__Pedobacter	0.9766070573930064
5acaa65ec8d56cf7c35ec0a35f4e8969	d__Bacteria; p__Proteobacteria; c__Gammaproteobacteria	0.9998793866069063
a384e87971bd9dd247884a28b329e9f4	d__Bacteria; p__Proteobacteria; c__Gammaproteobacteria; o__Oceanospirillales; f__Alcanivoracaceae1; g__Alcanivorax; s__uncultured_bacterium	0.7062852505956002
f7a86cd02345b1775051f51eb58a833e	d__Bacteria; p__Bacteroidota; c__Bacteroidia; o__Cytophagales; f__Cyclobacteriaceae; g__Fulvivirga	0.9975823223265358
c9fe036af6898a611388eb76a7edce25	d__Bacteria; p__Proteobacteria; c__Gammaproteobacteria; o__Pseudomonadales; f__Moraxellaceae; g__Acinetobacter; s__Acinetobacter_ursingii	0.9147245739601527
5366875428f03a7d4404c7a72781d292	d__Bacteria; p__Proteobacteria; c__Alphaproteobacteria; o__Parvibaculales; f__Parvibaculaceae; g__Candidatus_Phaeomarinobacter; s__Candidatus_Phaeomarinobacter	0.9638385138749134
bc224d456533b27d226734346c595b68	d__Bacteria; p__Actinobacteriota; c__Actinobacteria; o__Micrococcales; f__Dermabacteraceae; g__Brachybacterium	0.8057336976772155
77972cd35884d5c610062f44d668e9fb	d__Bacteria; p__Proteobacteria; c__Gammaproteobacteria; o__Francisellales; f__Francisellaceae; g__Francisella	0.9997409072064535
6e0b26d94ff1b0b06c67115c89b72877	d__Bacteria; p__Cyanobacteria; c__Cyanobacteriia; o__Chloroplast; f__Chloroplast; g__Chloroplast; s__Ostreobium_sp.	0.7140897425282043
6dc02cbb5f420269472e31a093b20082	d__Bacteria; p__Proteobacteria; c__Gammaproteobacteria; o__KI89A_clade; f__KI89A_clade; g__KI89A_clade	0.9649645254949273
302aae2e5e25b48d0401354c6b8be22f	d__Bacteria; p__Bacteroidota; c__Bacteroidia; o__Flavobacteriales; f__Flavobacteriaceae	0.9995714366873358
d7768edc29d6e101ebebb52ffd2dbbbb	d__Bacteria; p__Actinobacteriota; c__Acidimicrobiia; o__Microtrichales; f__Ilumatobacteraceae; g__Ilumatobacter	0.9535120321594155
c7ab73670c72c0262063cc425f787d86	d__Bacteria; p__Proteobacteria; c__Alphaproteobacteria; o__Sphingomonadales; f__Sphingomonadaceae; g__Sphingorhabdus; s__uncultured_bacterium	0.7625429641372365
56011afe2f4e536d4a42f89e1cc1f8ff	d__Bacteria; p__Myxococcota; c__Myxococcia; o__Myxococcales; f__Myxococcaceae; g__P3OB-42; s__uncultured_bacterium	0.7663279666735029
da0b9ebb3067ad6af895821cb3e9ea4c	d__Bacteria; p__Proteobacteria; c__Alphaproteobacteria; o__Caulobacterales; f__Caulobacteraceae	0.9996171444262971
6c70e9af7bce5a4b1373a8a475846616	d__Bacteria; p__Bacteroidota; c__Bacteroidia	0.9997245362453759
ad176cc65097d41e3ae3200a108a81a8	d__Bacteria; p__Proteobacteria; c__Gammaproteobacteria; o__Oceanospirillales; f__Endozoicomonadaceae; g__Endozoicomonas	0.9961052202149488
476192c5ed23fd59c715dbe101a970a2	d__Bacteria; p__Desulfobacterota; c__Desulfuromonadia; o__PB19; f__PB19; g__PB19; s__uncultured_bacterium	0.7365232648736958
9a8d2804abefdc36b655e3ff3c5a83e8	d__Bacteria; p__Bdellovibrionota; c__Bdellovibrionia; o__Bdellovibrionales; f__Bdellovibrionaceae; g__Bdellovibrio; s__uncultured_bacterium	0.9187261112367248
e58ad61acdbc91a5d18e876d01a6e72c	d__Bacteria; p__Proteobacteria; c__Alphaproteobacteria; o__Micavibrionales; f__Micavibrionaceae; g__uncultured	0.9979536104996889
6f7110e5747b918bc2da639ab4bb8c0d	d__Bacteria; p__Bacteroidota; c__Bacteroidia; o__Cytophagales; f__Cyclobacteriaceae	0.9691759658370148
b5b83af10c3a2f269b1343b1f670175d	d__Bacteria; p__Proteobacteria; c__Alphaproteobacteria; o__Rhizobiales; f__Beijerinckiaceae; g__1174-901-12; s__uncultured_bacterium	0.7054308890983854
bed4907afb05def94defce9c850a53e7	d__Bacteria; p__Bacteroidota; c__Bacteroidia; o__Cytophagales; f__Microscillaceae; g__Chryseolinea	0.8758195749499288
cfee20794a1988ff1436e34817b39c43	d__Bacteria; p__Proteobacteria; c__Gammaproteobacteria; o__Diplorickettsiales; f__Diplorickettsiaceae; g__uncultured; s__uncultured_bacterium	0.8726974295893521
f6c3256c02cde290f6fc24e2460b1594	d__Bacteria; p__Proteobacteria; c__Alphaproteobacteria; o__Sphingomonadales; f__Sphingomonadaceae; g__Sphingorhabdus; s__uncultured_bacterium	0.8588105027349364
d81d45c54f135e193753b9a05e2b5d5a	d__Bacteria; p__Firmicutes; c__Bacilli; o__Staphylococcales; f__Staphylococcaceae; g__Staphylococcus	0.9983882986759759
f8d5f2de1e715ee5c45e70f99acb3931	d__Bacteria; p__Proteobacteria; c__Alphaproteobacteria; o__Caulobacterales; f__Hyphomonadaceae; g__uncultured	0.9994816273086431
60f25f4b72c7189b21fc245ac87ae82e	d__Bacteria; p__Proteobacteria; c__Gammaproteobacteria; o__Cellvibrionales	0.8761047908470138
4e01b8d76f74017811ad779133a5d93c	d__Bacteria; p__Proteobacteria; c__Gammaproteobacteria	0.9892002902672554
50a399bebb4c023fad26c7c9a6903117	d__Bacteria; p__Acidobacteriota; c__Thermoanaerobaculia; o__Thermoanaerobaculales; f__Thermoanaerobaculaceae; g__Subgroup_10; s__uncultured_bacterium	0.8465112243831351
116c5d943443363b52fe8000026dd331	d__Bacteria; p__Proteobacteria; c__Gammaproteobacteria	0.9999567729150775
42084cf3e4c7070e98059fc5b99a3283	d__Bacteria; p__Proteobacteria; c__Alphaproteobacteria; o__Rhodobacterales; f__Rhodobacteraceae	0.9999978930105111
80cc5e947bf8b2e3c24904edc952fe3d	d__Bacteria; p__Bacteroidota; c__Bacteroidia; o__Cytophagales; f__Amoebophilaceae; g__uncultured; s__uncultured_bacterium	0.9695875585118222
1ca62896941f8da992eb8563d386740e	d__Bacteria; p__Proteobacteria; c__Alphaproteobacteria; o__Micavibrionales; f__Micavibrionaceae; g__uncultured; s__uncultured_bacterium	0.9876317477866243
59be74b2567c2a9df60558316b3276cd	d__Bacteria; p__Proteobacteria; c__Alphaproteobacteria	0.9000742926024605
38f3abec62f44f987f3457a8986e8df7	d__Bacteria; p__Bacteroidota; c__Bacteroidia; o__Flavobacteriales; f__Flavobacteriaceae	0.9999579957755248
c0bd3e34d8651a577fee53b97dea2a31	d__Bacteria; p__Proteobacteria; c__Gammaproteobacteria; o__Alteromonadales; f__Alteromonadaceae	0.827107777423467
e21a28579ae4ee97526c7706cfd391ef	d__Bacteria; p__Proteobacteria; c__Alphaproteobacteria; o__Rhodobacterales; f__Rhodobacteraceae; g__Marivita	0.8091991348892209
6c8e92b4f9766e3546db3f5d7e28798b	d__Bacteria; p__Proteobacteria; c__Gammaproteobacteria; o__Gammaproteobacteria_Incertae_Sedis; f__Unknown_Family; g__uncultured; s__uncultured_bacterium	0.8708434933500854
93eeaaa719fbd075d0b76090cd98ba45	d__Bacteria; p__Proteobacteria; c__Gammaproteobacteria; o__Oceanospirillales	0.8106919411681136
0142e3efbe4c804a7b44f9ddbfc319a6	d__Bacteria; p__Proteobacteria; c__Alphaproteobacteria; o__Rhodobacterales; f__Rhodobacteraceae	0.9999987423670756
8a7be4b675fad40e3ce781ddf86f9fbd	d__Bacteria; p__Proteobacteria; c__Gammaproteobacteria	0.9951898831478073
d955207508b266ab934d38e8ba0f1cc4	d__Bacteria; p__Proteobacteria; c__Gammaproteobacteria; o__Vibrionales; f__Vibrionaceae; g__Photobacterium; s__Photobacterium_damselae	0.884138111555297
37693fc4da7177d96a9cd741d266f179	d__Bacteria; p__Proteobacteria; c__Alphaproteobacteria; o__Rhizobiales; f__Stappiaceae; g__Labrenzia; s__Labrenzia_marina	0.9245060981460976
238f6eb81cb73de744f7a71dacc42754	d__Bacteria; p__Proteobacteria; c__Gammaproteobacteria; o__F9P41300-M23; f__F9P41300-M23; g__F9P41300-M23; s__uncultured_bacterium	0.9544546033737784
7bce87ca51406d09fbf8e2f8e0fe881b	d__Bacteria; p__Proteobacteria; c__Gammaproteobacteria	0.8187076177365389
3d3e601debe1fa4d35c523a055fef918	d__Bacteria; p__Bdellovibrionota; c__Bdellovibrionia; o__Bacteriovoracales; f__Bacteriovoracaceae; g__Peredibacter; s__uncultured_bacterium	0.7845979490722811
531a27e1760aed59f9117cb32df4d433	d__Bacteria; p__Actinobacteriota; c__Actinobacteria; o__Micrococcales; f__Intrasporangiaceae; g__Aquipuribacter; s__uncultured_bacterium	0.809877372076276
48d7497bbeb27696237d4c5c55d378a3	d__Bacteria; p__Bacteroidota; c__Bacteroidia; o__Chitinophagales; f__Saprospiraceae	0.9724919509225102
a88422d6c27e5cb3f1c8a577ea10f7f6	d__Bacteria; p__Firmicutes; c__Bacilli; o__Lactobacillales; f__Streptococcaceae; g__Streptococcus; s__Streptococcus_infantis	0.9934638261053379
3de4815dbba9424cc0602a7846b4cbc1	d__Bacteria; p__Bacteroidota; c__Bacteroidia; o__Flavobacteriales; f__Flavobacteriaceae; g__NS5_marine_group	0.9981359482697445
da8c81825c62ded1cc77eb59ab49fd05	d__Bacteria; p__Proteobacteria; c__Alphaproteobacteria; o__Rhodobacterales; f__Rhodobacteraceae	0.9999753588274811
243d344be9ac6ac60d51dec6175ffb9f	d__Bacteria; p__Proteobacteria	0.7352999510598447
2832a0bcf6ae6d1d6c9e67822301c207	d__Bacteria; p__Proteobacteria; c__Gammaproteobacteria	0.9992397694843314
548a83780f43a18df8a77c5458937001	d__Bacteria; p__Bacteroidota; c__Bacteroidia; o__Chitinophagales; f__Saprospiraceae; g__Lewinella	0.9945212191634196
ce6729a420e3866e9215ee28598422b4	d__Bacteria; p__Bacteroidota; c__Bacteroidia; o__Cytophagales; f__Cyclobacteriaceae	0.9979219429423879
79709e81127c9d6677ea408651a2645f	d__Bacteria; p__Proteobacteria; c__Alphaproteobacteria; o__Sphingomonadales; f__Sphingomonadaceae; g__uncultured; s__uncultured_Porphyrobacter	0.72750743748118
6961e2b6b3a53cefbf42ce0172b4dcd9	d__Bacteria; p__Bacteroidota; c__Bacteroidia; o__Flavobacteriales	0.8733321583552448
8f87304871884bb2359a687bdc6dda18	d__Bacteria; p__NB1-j; c__NB1-j; o__NB1-j; f__NB1-j; g__NB1-j	0.9992814741748263
5cfd54f8e42df1519f3387d201cb0acb	d__Bacteria; p__Proteobacteria; c__Gammaproteobacteria; o__Gammaproteobacteria_Incertae_Sedis; f__Unknown_Family; g__Marinicella; s__gamma_proteobacterium	0.8351452042219302
006c2631fa63e2119d40fa8f26211fd8	d__Bacteria; p__Proteobacteria; c__Gammaproteobacteria; o__Gammaproteobacteria_Incertae_Sedis; f__Unknown_Family; g__uncultured	0.9557364767068147
6e5c88569ffd95ababcb1e16323fa5b2	d__Bacteria; p__Proteobacteria; c__Alphaproteobacteria; o__Caulobacterales; f__Parvularculaceae; g__Parvularcula	0.9883427524326239
db48eb96460e207706fcb800e1167bda	d__Bacteria; p__Actinobacteriota; c__Actinobacteria; o__Bifidobacteriales; f__Bifidobacteriaceae; g__Bifidobacterium	0.9999414816138665
fa84cdc745ca242a77ea9ce0f4904f4e	d__Bacteria; p__Proteobacteria; c__Gammaproteobacteria; o__Cellvibrionales	0.9590729093447059
a0a3fd51ac7ac42fb0052c86e9ab6ed1	d__Bacteria; p__Bacteroidota; c__Bacteroidia; o__Cytophagales; f__Cyclobacteriaceae; g__Ekhidna	0.890053216308289
d0f8fdf7d3b6e8f65d454cff186d7fa3	d__Bacteria; p__Proteobacteria; c__Alphaproteobacteria; o__Rhizobiales; f__Rhizobiaceae; g__Allorhizobium-Neorhizobium-Pararhizobium-Rhizobium	0.9998005658585098
0816bfedc9181eeb34890fbd0607ae2e	d__Bacteria; p__Bacteroidota; c__Bacteroidia; o__Cytophagales; f__Cyclobacteriaceae; g__Fabibacter	0.9903419904638145
91f175525bf9221ea5ca84cc11f11d29	d__Bacteria; p__Proteobacteria; c__Alphaproteobacteria	0.8992168994915917
1cd0e40200565d160d6354dfeb8f56a8	d__Bacteria; p__Proteobacteria; c__Alphaproteobacteria; o__Micavibrionales	0.9835149612587507
f67ac1ebfbc7026f364a16a4cd52b9cd	d__Bacteria; p__Firmicutes; c__Bacilli; o__Bacillales; f__Planococcaceae; g__Domibacillus	0.7314365615256317
9d0cf2c5d52e2dd9d271ceb4eec07749	d__Bacteria; p__Proteobacteria; c__Alphaproteobacteria; o__Rhizobiales; f__Xanthobacteraceae; g__Afipia	0.9861090139644374
06e95b6abeb4110239ff8ce4d9b8d8a1	d__Bacteria; p__Bacteroidota; c__Bacteroidia; o__Chitinophagales; f__uncultured; g__uncultured; s__uncultured_Bacteroidetes	0.8195855515780867
b32570840c0d306cb2ec1b8b104d8f7e	d__Bacteria; p__Bacteroidota; c__Bacteroidia; o__Cytophagales; f__Cyclobacteriaceae	0.9956726601382296
c4246dfb397f65efeeb832836e302083	d__Bacteria; p__Proteobacteria; c__Alphaproteobacteria; o__Rhodospirillales; f__Terasakiellaceae; g__uncultured; s__alpha_proteobacterium	0.9548556973906573
cc7301e00f11b339efcfae5ba7aa2142	d__Bacteria; p__Proteobacteria; c__Alphaproteobacteria; o__Parvibaculales	0.7777562647660908
4bf772e7e3b580fabd7fd7b0a2c50726	d__Bacteria; p__Bacteroidota; c__Bacteroidia; o__Chitinophagales; f__Saprospiraceae; g__Lewinella	0.778974949549703
5f40e4c1013ba455c007d77c99c3d807	d__Bacteria; p__Desulfobacterota; c__Desulfuromonadia; o__Bradymonadales; f__Bradymonadales; g__Bradymonadales; s__unidentified_marine	0.9654145465138426
6e0dd6549390e11fcb8b7b2d2386561f	d__Bacteria; p__Verrucomicrobiota; c__Chlamydiae; o__Chlamydiales; f__Simkaniaceae	0.9959029805937372
b795f2a86a9995ec9228faeab179c415	d__Bacteria; p__Proteobacteria; c__Alphaproteobacteria; o__Rhodobacterales; f__Rhodobacteraceae	0.9999949010699624
a315b6a7e22556655e8ea7ed5d650baf	d__Bacteria; p__Actinobacteriota; c__Actinobacteria; o__PeM15; f__PeM15; g__PeM15	0.9268430778683826
9034589138f0a0ae26dbc3ec276308d8	d__Bacteria; p__Bacteroidota; c__Bacteroidia; o__Cytophagales; f__Spirosomaceae	0.7111351076056791
cb00e0c93568092308a7075758707853	d__Bacteria; p__Actinobacteriota; c__Acidimicrobiia; o__Microtrichales; f__Microtrichaceae; g__uncultured	0.9982393197676879
f6373c04194a5732e528e41b5af75633	d__Bacteria; p__Bacteroidota; c__Bacteroidia; o__Cytophagales; f__Microscillaceae; g__Microscilla; s__Microscilla_marina	0.9835209927755142
c1a4a175328493ae5ec74225d2c4900f	d__Bacteria; p__Bdellovibrionota; c__Bdellovibrionia; o__Bdellovibrionales; f__Bdellovibrionaceae; g__Bdellovibrio; s__uncultured_bacterium	0.9246682870030638
96180f10e41dd13129ccdc7bba2de6c1	d__Bacteria; p__Proteobacteria; c__Alphaproteobacteria; o__Caulobacterales; f__Hyphomonadaceae; g__Hyphobacterium; s__uncultured_bacterium	0.9505465101748294
3a2a14a70805baf40a1c656c8c8834ac	d__Bacteria; p__Proteobacteria; c__Alphaproteobacteria; o__Rhodobacterales; f__Rhodobacteraceae; g__HIMB11; s__uncultured_bacterium	0.9337538025557598
30bbd5af7a49f186ab703532e2bc2bdc	d__Bacteria; p__Proteobacteria; c__Gammaproteobacteria; o__Alteromonadales; f__Colwelliaceae; g__Colwellia; s__gamma_proteobacterium	0.8935330009133883
668622e6041e48fac6c8847693f9cc1b	d__Bacteria; p__Proteobacteria; c__Alphaproteobacteria; o__Rhodobacterales; f__Rhodobacteraceae	0.9976441250642396
0998fcd4eaf8af75e914e1e3fb44b170	d__Bacteria	0.999999653417258
7d030b6ffbe0bf9430d11e973a841990	d__Bacteria; p__Acidobacteriota; c__Holophagae; o__Acanthopleuribacterales; f__Acanthopleuribacteraceae; g__Acanthopleuribacter; s__uncultured_bacterium	0.970339873315049
9bbb290f559f6be4f41679f1489d0b9c	d__Bacteria; p__Proteobacteria; c__Gammaproteobacteria; o__Cellvibrionales; f__Halieaceae; g__Pseudohaliea; s__uncultured_organism	0.9581275344955498
137d4bf141d5b593fac385f52161011a	d__Bacteria; p__Acidobacteriota; c__Thermoanaerobaculia; o__Thermoanaerobaculales; f__Thermoanaerobaculaceae; g__Subgroup_10; s__uncultured_bacterium	0.9090710494787394
9de6125d31106a560df99c7ca45fd081	d__Bacteria; p__Bacteroidota; c__Bacteroidia	0.9998105133494095
6782e5ff16d34570793fd2099080a3ed	d__Bacteria; p__Actinobacteriota; c__Actinobacteria; o__Actinomycetales; f__Actinomycetaceae; g__Actinomyces	0.9972081894432867
79d2c50952f66559c3c1e15f7e3171c3	d__Bacteria; p__Proteobacteria; c__Alphaproteobacteria; o__Rhizobiales; f__Beijerinckiaceae; g__Microvirga	0.9835657595354292
77f1e699e9870c8cc5105dbe847c778d	d__Bacteria; p__Proteobacteria; c__Gammaproteobacteria; o__Alteromonadales; f__Colwelliaceae	0.9995423878707282
c453560557f9d4234cea9654f59df119	d__Bacteria; p__Proteobacteria; c__Alphaproteobacteria; o__Rhizobiales; f__Devosiaceae; g__Maritalea	0.7191092830977048
f6b4bcf2631b590cd73cea6a64d07254	d__Bacteria; p__Proteobacteria; c__Gammaproteobacteria; o__Pseudomonadales; f__Pseudomonadaceae; g__Pseudomonas; s__Pseudomonas_hunanensis	0.8642374929652324
2a3d3dbcf4be9b9f286bf7e66b484f45	d__Bacteria; p__Proteobacteria; c__Gammaproteobacteria; o__Legionellales; f__Legionellaceae; g__Legionella	0.769553963721154
2eaf458abd1875d00f995f24951122bc	d__Bacteria; p__Proteobacteria; c__Gammaproteobacteria; o__Alteromonadales; f__Alteromonadaceae	0.8806777722924923
419c126c177f30785cc40be21a92bfde	d__Bacteria; p__Proteobacteria; c__Alphaproteobacteria; o__Caulobacterales; f__Hyphomonadaceae; g__Henriciella; s__Caulobacteraceae_bacterium	0.9064582647919788
503ed3bb0fdcef458bcabde755f72e76	d__Bacteria; p__Firmicutes; c__Bacilli; o__Bacillales; f__Bacillaceae; g__Bacillus	0.8828028469101065
2bdb8ad7ff25c3c56d4febc01190b2dc	d__Bacteria	0.9999997734016152
be107b69be641b0a8ace7938b3c5c876	d__Bacteria; p__Proteobacteria; c__Gammaproteobacteria; o__Pseudomonadales; f__Pseudomonadaceae; g__Pseudomonas	0.9997027722248052
386079bd63581f706306e9ab0c4a5a5d	d__Bacteria	0.9993338832750481
69b770933d592876e413831225b872e7	d__Bacteria; p__Proteobacteria; c__Gammaproteobacteria; o__Oceanospirillales; f__Endozoicomonadaceae; g__Endozoicomonas	0.7918997781944667
2bc1ae162999d0d184f3b59de3f9787e	d__Bacteria; p__Proteobacteria; c__Alphaproteobacteria; o__Acetobacterales; f__Acetobacteraceae; g__Craurococcus-Caldovatus; s__uncultured_bacterium	0.7424883249489808
41e347b1609af0fb8196fbb3f56aead8	d__Bacteria; p__Actinobacteriota; c__Actinobacteria; o__Corynebacteriales; f__Tsukamurellaceae; g__Tsukamurella; s__uncultured_bacterium	0.7185029482212171
f3a4e03f7f98ed351754ac2072e5952f	d__Bacteria; p__Proteobacteria; c__Gammaproteobacteria; o__Alteromonadales; f__Alteromonadaceae	0.8976654326698464
8ef66e97d53239e858744e42168c83f7	d__Bacteria; p__Bdellovibrionota; c__Bdellovibrionia; o__Bdellovibrionales; f__Bdellovibrionaceae; g__Bdellovibrio; s__uncultured_bacterium	0.9930706686325836
88ab6dd4b4f3305acebc9a0f786f598a	d__Bacteria	0.9999986297420543
afdd0b6c0c589da119e7076d928f665f	d__Bacteria; p__Firmicutes; c__Bacilli; o__Bacillales; f__Planococcaceae	0.9546880308640535
dc5985f4e156e3fa9d795b7da689f46f	d__Bacteria; p__Bacteroidota; c__Bacteroidia; o__Chitinophagales; f__Saprospiraceae; g__uncultured	0.922813083882302
bfb8bafe4bfd84c9a815c437ec06fc63	d__Bacteria; p__Bacteroidota; c__Bacteroidia; o__Chitinophagales; f__Saprospiraceae; g__uncultured	0.7921245012229753
3822b9f608ea64ed4eac5fd8672be2ae	d__Bacteria; p__Bacteroidota; c__Bacteroidia; o__Chitinophagales; f__Saprospiraceae	0.9944458015273383
d5f6d92403fd6bebfa56bc40b8bc9f7c	d__Bacteria; p__Proteobacteria; c__Alphaproteobacteria; o__Sphingomonadales; f__Sphingomonadaceae; g__Sphingorhabdus	0.9986315911942107
2680ff4d699cbe0ccca285df27d9b8d8	d__Bacteria; p__Proteobacteria; c__Alphaproteobacteria; o__Sphingomonadales; f__Sphingomonadaceae	0.9999986649539451
2b7bd7516b051ee907c3bb61aa490e7f	d__Bacteria; p__Myxococcota; c__Polyangia; o__Nannocystales; f__Nannocystaceae; g__uncultured; s__uncultured_proteobacterium	0.9078192917122954
15097fd0313f821e1a18eff115ba4688	d__Bacteria; p__Actinobacteriota; c__Actinobacteria	0.9047669084429298
029face7d039d7fa3d3e463b2e0fd43d	d__Bacteria; p__Proteobacteria; c__Alphaproteobacteria; o__Rhodobacterales; f__Rhodobacteraceae	0.9996849421484634
34695675c2a8c2b8dfbc7e174fd0fb2c	d__Bacteria; p__Proteobacteria; c__Alphaproteobacteria; o__Caulobacterales; f__Hyphomonadaceae; g__uncultured; s__uncultured_bacterium	0.9962862929067192
c3b63a42674e8a7f4e3f8f947d66fd2c	d__Bacteria; p__Proteobacteria; c__Alphaproteobacteria; o__Rhodobacterales; f__Rhodobacteraceae	0.8578729479106321
40755007ea5aee4e73ccb8e070c25997	d__Bacteria; p__Proteobacteria; c__Gammaproteobacteria; o__Legionellales; f__Legionellaceae; g__Legionella	0.7983363429878757
bcb567c40919a164e10f74056d260849	d__Bacteria; p__Proteobacteria; c__Gammaproteobacteria; o__Salinisphaerales; f__Salinisphaeraceae; g__Salinisphaera; s__Salinisphaera_japonica	0.998972247683354
802e494633a87690cd36bab36fb7fe76	d__Bacteria; p__Firmicutes; c__Negativicutes; o__Veillonellales-Selenomonadales; f__Veillonellaceae; g__Dialister; s__Dialister_propionicifaciens	0.985113807229952
1715e736ff620ae43d8788465af5afd9	d__Bacteria; p__Actinobacteriota; c__Actinobacteria; o__Frankiales; f__Geodermatophilaceae; g__Blastococcus; s__uncultured_Blastococcus	0.9006306850575686
c9369e8c42d282eafbddd43e014f9a45	d__Bacteria; p__Proteobacteria; c__Alphaproteobacteria	0.9888130168619791
21773e4438941d3ebc12fef4c60d09fd	d__Bacteria	0.9999997988841187
5e1680bd0acf5fa5c245f218c823a437	d__Bacteria; p__Bacteroidota; c__Bacteroidia; o__Flavobacteriales; f__Cryomorphaceae; g__Owenweeksia	0.9105735574934524
f082396ca9ca13f6ce245679f14e7c4a	d__Bacteria; p__Proteobacteria; c__Gammaproteobacteria; o__Oceanospirillales; f__Endozoicomonadaceae; g__Endozoicomonas; s__uncultured_gamma	0.7248883129455963
dd52a626733a634bef62cc7446f3af0e	d__Bacteria; p__Planctomycetota	0.9917828268006402
c31fb564f22ba3e61e82cdab69d35349	d__Bacteria; p__Spirochaetota; c__Leptospirae; o__Leptospirales; f__Leptospiraceae; g__uncultured; s__uncultured_spirochete	0.9999007326987716
62211eb59f4233219d4ec258684ca1e0	d__Bacteria; p__Proteobacteria; c__Alphaproteobacteria; o__Rhizobiales; f__Hyphomicrobiaceae; g__Hyphomicrobium	0.8188206629059795
a456029893a4f1523ac51de24f4cac6d	d__Bacteria; p__Myxococcota; c__Polyangia; o__Polyangiales; f__Sandaracinaceae; g__uncultured; s__uncultured_delta	0.9029757503497956
4b60e85b44ea6d963171701948fa5738	d__Bacteria; p__Proteobacteria; c__Gammaproteobacteria; o__Coxiellales; f__Coxiellaceae; g__Coxiella; s__uncultured_bacterium	0.7450944944849466
21a78bbeeef6f616e3ee0ae1b9b28637	d__Bacteria; p__Proteobacteria; c__Gammaproteobacteria	0.9998470457527588
bdac618f6b131b0268524b050ac3fd85	d__Bacteria; p__NB1-j; c__NB1-j; o__NB1-j; f__NB1-j; g__NB1-j; s__hydrothermal_vent	0.9280775473096492
d95f20ca22c871fdfd007dd04e2fecc1	d__Bacteria; p__Proteobacteria; c__Gammaproteobacteria; o__KI89A_clade; f__KI89A_clade; g__KI89A_clade	0.9973932475510573
7ef61b5008854bac9b606586a8ca8724	d__Bacteria; p__Proteobacteria; c__Alphaproteobacteria; o__Kordiimonadales; f__uncultured; g__uncultured; s__uncultured_Kordiimonas	0.7517380896195589
a13e946bcfb9a39f31cd0d3329bf16d0	d__Bacteria; p__Proteobacteria; c__Alphaproteobacteria; o__Rhizobiales; f__Hyphomicrobiaceae; g__Filomicrobium	0.9050621772483394
79edcaa98bfb8fb0d0ab9c859870023e	d__Bacteria; p__Proteobacteria; c__Gammaproteobacteria; o__KI89A_clade; f__KI89A_clade; g__KI89A_clade	0.9981918576761679
9ebc4b700c0b43491583aaaeed1ab695	d__Bacteria; p__Bacteroidota; c__Bacteroidia	0.9319192513995458
f5308dc3edf8b4fb95093d6432cfe71f	d__Bacteria; p__Cyanobacteria; c__Cyanobacteriia; o__Chloroplast; f__Chloroplast; g__Chloroplast; s__Synura_sp.	0.7745044877458893
4cf05c2c773187a18f17016856d1d3c6	d__Bacteria; p__Proteobacteria; c__Gammaproteobacteria	0.9659192453235461
50edf582fbddecdae24d646ac7c723ab	d__Bacteria; p__Proteobacteria; c__Gammaproteobacteria; o__Gammaproteobacteria_Incertae_Sedis; f__Unknown_Family; g__Marinicella; s__gamma_proteobacterium	0.9686476437855646
f35b71da6839c8d6a87a4bec914a02bc	d__Bacteria; p__Proteobacteria; c__Gammaproteobacteria; o__Burkholderiales; f__Rhodocyclaceae	0.9582240171966936
4b6d0f32a5b4ff535d2939c5aa874418	d__Bacteria; p__NB1-j; c__NB1-j; o__NB1-j; f__NB1-j; g__NB1-j	0.9974456083894029
7cc8b48a5707a3076d2e059f55cbfb49	d__Bacteria; p__Bdellovibrionota; c__Bdellovibrionia; o__Bacteriovoracales; f__Bacteriovoracaceae	0.917032633060898
702314aa8e9d45b3bf063169060f805d	d__Bacteria; p__Actinobacteriota; c__Acidimicrobiia; o__Microtrichales; f__Microtrichaceae	0.8910148682582721
29fe1c8ffce631e3b86e1b90ece320d9	d__Bacteria; p__Proteobacteria; c__Alphaproteobacteria; o__Rickettsiales	0.7202794052555764
9da6c44c751696a94e406f218acb0976	d__Bacteria; p__Planctomycetota; c__Phycisphaerae; o__Phycisphaerales; f__Phycisphaeraceae; g__SM1A02	0.9896142843029252
f48e0098eee107734384d14182203b84	d__Bacteria; p__NB1-j; c__NB1-j; o__NB1-j; f__NB1-j; g__NB1-j; s__hydrothermal_vent	0.8458013970187268
dbf2aca1bdeb1bfa1d51e7ca2c0b2fc4	d__Bacteria; p__Proteobacteria; c__Gammaproteobacteria	0.9951456859971664
f0968450a33a7ae353cf76e59ed81c76	d__Bacteria; p__Cyanobacteria; c__Cyanobacteriia; o__Chloroplast; f__Chloroplast; g__Chloroplast; s__uncultured_bacterium	0.8591322632966808
529522c34eef6ef4477d9daa0a65bb6c	d__Bacteria; p__Proteobacteria; c__Gammaproteobacteria; o__Alteromonadales; f__Alteromonadaceae	0.9700994741579277
50a4c9cbb80f448e1405c6a77d157a9c	d__Bacteria; p__Proteobacteria; c__Gammaproteobacteria; o__Salinisphaerales; f__Solimonadaceae; g__uncultured; s__uncultured_bacterium	0.9966257034914234
15ca97b7fb149c47d560710728339fa7	d__Bacteria; p__Proteobacteria; c__Gammaproteobacteria; o__Alteromonadales; f__Alteromonadaceae	0.9999900454369579
c699be5bf8600582bc4e77f93ce3134f	d__Bacteria; p__Proteobacteria; c__Gammaproteobacteria; o__Alteromonadales; f__Colwelliaceae; g__Thalassotalea	0.994010491286983
7c246c81823cee0d87e469b2772ecb3b	d__Bacteria; p__Actinobacteriota; c__Thermoleophilia; o__Gaiellales; f__uncultured; g__uncultured; s__metagenome	0.7863904749465834
1ee2833a638ed06e7b13c7d7a964986b	d__Bacteria; p__Actinobacteriota; c__Actinobacteria; o__Propionibacteriales; f__Nocardioidaceae; g__Nocardioides	0.9880056188462891
94e149efb87f864b1591b3a6b335f471	d__Bacteria; p__Proteobacteria; c__Gammaproteobacteria; o__Burkholderiales; f__Oxalobacteraceae; g__Massilia; s__Massilia_timonae	0.8029566198225402
4f6500c299435637ee5a3ec92509cb86	d__Bacteria	0.9999999196811508
f97c994a3368b58997277b367a3c1ab1	d__Bacteria; p__Verrucomicrobiota; c__Chlamydiae; o__Chlamydiales; f__Parachlamydiaceae	0.7481047343139735
ea01bef8b7a520bb40e303026a94d25b	d__Bacteria; p__Cyanobacteria; c__Cyanobacteriia; o__Chloroplast; f__Chloroplast; g__Chloroplast; s__Ostreobium_quekettii	0.7940195864712608
026a3094160fd9af2664cb130a04046e	d__Bacteria	0.9999998463204681
7e01f4d23526faafe554125384a98984	d__Bacteria; p__Gemmatimonadota; c__Gemmatimonadetes; o__Gemmatimonadales; f__Gemmatimonadaceae; g__Roseisolibacter; s__uncultured_bacterium	0.8913847180530795
b6289c8879c45d87444103aaaa845669	d__Bacteria; p__Proteobacteria; c__Alphaproteobacteria; o__Sphingomonadales; f__Sphingomonadaceae	0.9999801912325049
882f1f0e866753aaf88e19d4c9162b2b	d__Bacteria; p__Proteobacteria; c__Gammaproteobacteria; o__Pseudomonadales; f__Pseudomonadaceae; g__Pseudomonas	0.999514139983258
4cd27191ae8ac3cb1d7fe28b1f0a9874	d__Bacteria; p__NB1-j; c__NB1-j; o__NB1-j; f__NB1-j; g__NB1-j	0.9933269927410124
5e35ebb3841f10730e8925f36f847281	d__Bacteria; p__Planctomycetota; c__Planctomycetes; o__Planctomycetales; f__Rubinisphaeraceae; g__uncultured; s__uncultured_bacterium	0.7325333456098616
e77a88e587acecb8d863fc89ad460da6	d__Bacteria; p__Firmicutes; c__Bacilli	0.7374056699051631
0871f020d43b7daeac3e2e94e5ebce08	d__Bacteria; p__Proteobacteria; c__Alphaproteobacteria; o__Rickettsiales; f__SM2D12; g__SM2D12; s__marine_metagenome	0.8565058468843303
ac6c534d17fbe28ff00331c0fe0e8051	d__Bacteria; p__Proteobacteria; c__Alphaproteobacteria; o__Sphingomonadales; f__Sphingomonadaceae	0.8120651837674961
df7b2da727f2746fba6bbcad70483b1c	d__Bacteria; p__Proteobacteria; c__Gammaproteobacteria	0.901871139360264
7dd569a6aad2696d46bf5a79330a3883	d__Bacteria; p__Bacteroidota; c__Bacteroidia; o__Chitinophagales; f__uncultured; g__uncultured	0.9413922752147568
b2dadad47c671cabe0982171f50cb747	d__Bacteria; p__Proteobacteria; c__Gammaproteobacteria	0.9983458053841041
40aaf3c3bef5a586ef2e03416f7d2ed6	d__Bacteria; p__Firmicutes; c__Bacilli; o__Bacillales; f__Bacillaceae	0.998506373586443
09e5f1760dc46f42b9e9645d9285ab85	d__Bacteria; p__Bdellovibrionota; c__Bdellovibrionia; o__Bdellovibrionales; f__Bdellovibrionaceae; g__OM27_clade	0.9849121869359767
7393be26f469eabd310be632bdfbed16	d__Bacteria; p__Proteobacteria; c__Gammaproteobacteria; o__Cellvibrionales; f__Cellvibrionaceae	0.878121237734221
a9d448a757798660216bcf281854e014	d__Bacteria; p__Proteobacteria; c__Alphaproteobacteria; o__Caulobacterales; f__Hyphomonadaceae; g__uncultured; s__uncultured_Alphaproteobacteria	0.7112375997204695
9974d11c223a6121fd1beafc531c98c7	d__Bacteria; p__Cyanobacteria; c__Cyanobacteriia; o__Chloroplast; f__Chloroplast; g__Chloroplast; s__uncultured_bacterium	0.7949083747182262
1cb87bea5728e310cd5a16bf9772ed4f	d__Bacteria; p__Bacteroidota; c__Rhodothermia; o__Rhodothermales; f__Rhodothermaceae; g__uncultured; s__uncultured_bacterium	0.7943440414177159
0fdb4360038c4ad936f75cf9d476f5f8	d__Bacteria; p__Bacteroidota; c__Rhodothermia; o__Balneolales; f__Balneolaceae; g__B2706-C7; s__uncultured_bacterium	0.9029767003650545
0f5f3943cacbf31fec46fd68e38bfd32	d__Bacteria; p__Bacteroidota; c__Bacteroidia; o__Chitinophagales; f__Saprospiraceae; g__Lewinella	0.7226191283955631
b61886b9c55655e3a1b89f24cc5d2218	d__Bacteria; p__NB1-j; c__NB1-j; o__NB1-j; f__NB1-j; g__NB1-j	0.999188424250699
b657f692e51fee8ffb1055b47de56696	d__Bacteria; p__Bacteroidota; c__Bacteroidia	0.9921332701385402
94414f76e82b02c706935ddc77f43f76	d__Bacteria; p__Actinobacteriota; c__Actinobacteria; o__Micrococcales; f__Dermabacteraceae; g__Brachybacterium	0.812038861867954
bcd8d067f4cedb49160e88e813bd90a2	d__Bacteria; p__Proteobacteria; c__Alphaproteobacteria; o__Rickettsiales; f__Mitochondria; g__Mitochondria; s__uncultured_bacterium	0.9838726996471551
59cb88c1962b4cbc103775c5ddad3839	d__Bacteria; p__Acidobacteriota; c__Subgroup_22; o__Subgroup_22; f__Subgroup_22; g__Subgroup_22	0.9957650392970157
61493c7ca4262c3675b6372faec30edd	d__Bacteria; p__Planctomycetota; c__OM190; o__OM190; f__OM190; g__OM190; s__uncultured_bacterium	0.8929255259505203
d52b0b76bf369175149d2ab9152ee86c	d__Bacteria; p__Proteobacteria; c__Alphaproteobacteria; o__Rickettsiales; f__Mitochondria; g__Mitochondria; s__uncultured_bacterium	0.9995878378167877
a3159a69d86bf63458303bf7b82a43cb	d__Bacteria; p__Armatimonadota; c__Fimbriimonadia; o__Fimbriimonadales; f__Fimbriimonadaceae; g__Fimbriimonadaceae	0.9981992420272779
0a3fabdea40ebf72547de064ba8c62cb	d__Bacteria; p__NB1-j; c__NB1-j; o__NB1-j; f__NB1-j; g__NB1-j; s__uncultured_organism	0.8241770915516703
1b517f6ed269c4516f2cc4c6fca1a0a0	d__Bacteria; p__Proteobacteria; c__Alphaproteobacteria; o__Caulobacterales; f__Caulobacteraceae; g__Brevundimonas; s__Brevundimonas_nasdae	0.8170853242451287
1c6a936e8dc280042f21877f259acdf9	d__Bacteria	0.9999999023702063
7e161c0b7ab5bf83bd5b49fed4fd40ce	d__Bacteria; p__Proteobacteria; c__Gammaproteobacteria; o__Alteromonadales; f__Alteromonadaceae	0.7431476055382512
07397d0e138c44d0198071ddf9f6c2fe	d__Bacteria; p__Proteobacteria; c__Alphaproteobacteria; o__Rickettsiales; f__SM2D12; g__SM2D12	0.7073452859055201
eaeaf158d060e4470b367b547b9a8755	d__Bacteria; p__Planctomycetota; c__OM190; o__OM190; f__OM190; g__OM190; s__uncultured_bacterium	0.8004305485482573
b0fc3b9d9e967ac49ff7e0e6a36b6040	d__Bacteria; p__Proteobacteria; c__Gammaproteobacteria; o__KI89A_clade; f__KI89A_clade; g__KI89A_clade; s__uncultured_bacterium	0.9347312583020848
d43801d90863def09d8879a94792ce1e	d__Bacteria; p__Bacteroidota; c__Rhodothermia; o__Balneolales; f__Balneolaceae; g__B2706-C7; s__uncultured_bacterium	0.7314962332468111
ee1dc19183b7584e7bee200bca48b504	d__Bacteria; p__Proteobacteria; c__Gammaproteobacteria	0.8483076716662133
5c78420a3eebfa0c75ea387ed92d05d2	d__Bacteria; p__Proteobacteria; c__Alphaproteobacteria; o__Caulobacterales; f__Parvularculaceae; g__Parvularcula	0.810197287274571
bc2b7a4a02eac13b5c5a4682c8abc192	d__Bacteria	0.9999991614819862
496b41d4ee6fc84f4cbb560b454a01a4	d__Bacteria	0.9999910942439854
45f7a1c5e81e5c9350276ef20d57b01d	d__Bacteria	0.9998487268678603
06d211abaa2c03920699ab4f5a550267	d__Bacteria; p__Acidobacteriota; c__Subgroup_22; o__Subgroup_22; f__Subgroup_22; g__Subgroup_22; s__uncultured_bacterium	0.7836386952024782
99ebc17ac65f6a3227771c8f4f2a5442	d__Bacteria; p__Proteobacteria; c__Alphaproteobacteria; o__Rhizobiales; f__Beijerinckiaceae; g__Bosea; s__Bosea_vestrisii	0.7456474078396337
ac7c8d0533c90f9e4254f6fbc720faf1	d__Bacteria	0.999998779672148
057546e86958edbb71db235f4cc5aac5	d__Bacteria; p__Proteobacteria; c__Alphaproteobacteria; o__Rickettsiales; f__Mitochondria; g__Mitochondria; s__uncultured_bacterium	0.7378163043160939
c8ccd7f83271f53c84f419be580032c8	d__Bacteria; p__Planctomycetota; c__OM190; o__OM190; f__OM190; g__OM190; s__uncultured_bacterium	0.8670055469639736
9d5d618a3a025207e2113f8fed5ff6c7	d__Bacteria; p__Proteobacteria; c__Gammaproteobacteria; o__Alteromonadales; f__Alteromonadaceae	0.9048918067296015
787946a7774e08694b0a33877f1e8c08	d__Bacteria	0.9999997904580274
6216afdf1df3795c87ef2d6ace8e9a7c	d__Bacteria; p__Proteobacteria; c__Alphaproteobacteria; o__Rickettsiales; f__AB1; g__AB1; s__uncultured_Rickettsiales	0.9462603535409558
f83867f825f7489d018d8375516c0842	d__Bacteria; p__NB1-j; c__NB1-j; o__NB1-j; f__NB1-j; g__NB1-j	0.912163866515783
7db9dfbe3819e36a8831eb4bfa2ebe44	d__Bacteria; p__Planctomycetota; c__Planctomycetes; o__Pirellulales; f__Pirellulaceae; g__Pirellula; s__uncultured_planctomycete	0.7300965230147803
eb2ce2400abe45701f47b722246ae9f7	d__Bacteria; p__Actinobacteriota; c__Actinobacteria; o__Micrococcales; f__Brevibacteriaceae; g__Brevibacterium; s__Brevibacterium_celere	0.7514398403242908
cf636d98195f594c6d32a69e421c493f	d__Bacteria; p__Proteobacteria; c__Alphaproteobacteria; o__Rickettsiales; f__Mitochondria; g__Mitochondria; s__uncultured_bacterium	0.7419274660997839
0316c27d7c83ed2e45d7b7d57b4368dc	d__Bacteria; p__Proteobacteria; c__Gammaproteobacteria; o__Oceanospirillales; f__Endozoicomonadaceae; g__Endozoicomonas; s__Endozoicomonas_acroporae	0.8087843873066556
5ef8c1a4e1c2d8bd52a679b8cdce7caf	d__Bacteria; p__Firmicutes; c__Bacilli; o__Bacillales; f__Bacillaceae; g__Bacillus; s__Bacillus_huizhouensis	0.7432911853235629
f3d61189e9681305064eb5bf37a7881d	d__Bacteria; p__Proteobacteria; c__Alphaproteobacteria	0.9871186171249534
53f0f2d56a0d14fd7d93f29c73c9344b	d__Bacteria	0.9999955397651463
18890e40c7231f0873db4c71d3d70dab	d__Bacteria; p__Firmicutes; c__Bacilli; o__Staphylococcales; f__Staphylococcaceae; g__Staphylococcus; s__bacterium_R78	0.9543391070471753
d95e985cbe44b619dd9818c0fcd720b5	d__Bacteria; p__Bacteroidota; c__Bacteroidia; o__Flavobacteriales	0.7637194198564031
77d77f75a1d7c824d6fe611754cbd65f	d__Bacteria	0.9999984352169757
eae35aa97265e0ad18bee6e8fb4728e9	d__Bacteria	0.999980618652662
b4ad7f1059697da8c4aa140ee3f353e6	d__Bacteria; p__Bdellovibrionota; c__Bdellovibrionia; o__Bacteriovoracales; f__Bacteriovoracaceae; g__Peredibacter	0.8549141507652533
df53994137a577a4ae2daecded99ccef	d__Bacteria	0.9999395343627028
00dc967f46620733eb8b08b8954dc119	d__Bacteria	0.9999355351998374
